artist;title;year;id;genre;language
Concha Piquer;A La Lima Y Al Limón;1940;23Aq74ZveTpeNqBs8ozdwg;Copla;Spanish
Concha Piquer;Tatuaje;1941;1Q26vHr8z0X1MFfRPDwPDZ;Copla;Spanish
Celia Gámez;Mírame;1942;6LXeUZnFdzXtpqvAleWyrV;Canción popular;Spanish
Juan Torregrosa;Mi Vaca Lechera;1946;1YSr1H59KlpgDCMEOsl2gi;Canción popular;Spanish
Juanita Reina;Francisco Alegre;1948;6qRrvJ7icb7eI9wj4442Q1;Copla;Spanish
Jorge Sepúlveda;Mirando Al Mar;1949;07MMEZU5miUfZ9OankU18o;Bolero;Spanish
Frank Sinatra;Let it snow;1950;7inXu0Eaeg02VsM8kHNvzM;Swing;English
Jorge Sepúlveda;Tres Veces Guapa;1950;0GVQMLYWayDvznAkyz4esU;Copla;Spanish
Luis Mariano;Ole, Torero;1951;7MnUxLQecOYMQjc5I5taIg;Canción popular;French
Antonio Molina;Adiós A España;1954;0KTnFgWGTpQ9DZZhyMyhtG;Copla;Spanish
Hermanas Fleta;Chino Li-Wong;1955;1YAuNRPrpbNfrj98iVy9aU;Canción ligera;Spanish
Luis Mariano;Violetas Imperiales;1955;0EUIPQATpkq2jEUKrhQRXV;Canción ligera;Spanish
The Platters;Only you;1955;0S5cs4lAkx99tGjoWS4Jtk;Soul;English
José Guardiola;Soy americano;1957;3oxNmVaOkt2HsYwWeygVez;Swing;Spanish
Sara Montiel;El Relicario;1957;5tmITkfdgcnqsVIsC5pMLT;Copla;Spanish
José Guardiola;Come prima;1958;2l4QGymkVWIUTPUqc4mGl8;Canción ligera;Spanish
José Guardiola;En el azul del cielo;1958;0xb1aKxLyHpAaD0trtgDMu;Canción ligera;Spanish
José Luis y su Guitarra;Mariquilla;1958;1DOo8mHehqqe0KYWEE3efS;Pop;Spanish
Dúo Dinámico;Rogar;1959;0Y8BGyP9SaagIJQaCU7vzS;Pop;Spanish
Gloria Lasso;Luna de miel;1959;2I5R3XOXT60yBzvIwWVw0B;Bolero;Spanish
Hermanas Serrano;El día de los enamorados;1959;6M0vSefLsQE9tL6DKhKiGm;Canción popular;Spanish
Hermanas Serrano;El dia dels enamorats;1959;1Exlp0PrOtXxmkUOFlOjsG;Canción popular;Catalan
José Guardiola;La montaña;1959;0hDY22zjPpUfb2dD2RNlhi;Canción ligera;Spanish
José Guardiola;Pequeña flor;1959;4SRjbWHYiYRwj0IUWhsESS;Canción ligera;Spanish
José Guardiola;Un telegrama;1959;5dmu8BRU3GuwqcXQLPscZL;Canción ligera;Spanish
José Luis y su Guitarra;Blanca estrella;1959;13Cs6A5BfKXz9qSq4Iul5k;Pop;Spanish
José Luis y su Guitarra;Señorita luna;1959;4u2bltyBO47HJKojcRmOho;Pop;Spanish
Los 5 Latinos;Como antes (Come prima);1959;6DE4LGO6V8RjPhmIPclLHc;Pop;Spanish
Los 5 Latinos;Recordandote;1959;2tTpd7PJ38f1TbwCVcWY0H;Pop;Spanish
Los Estudiantes;Ready Teddy;1959;79xC7ulZduHFPWbj5yJsCN;Rock;English
Paul Anka;Diana;1959;2k6qpHJsrKCCyvsHv2cPqR;Pop;English
Paul Anka;Lonely boy;1959;4kh2S9hRpPvoF9JkwZcYGN;Pop;English
Paul Anka;You are my destiny;1959;36Jxpbk3PlcDo9hSGiAsfU;Pop;English
Dúo Dinámico;Quince años tiene mi amor;1960;5TdRaNXaSGasywwqTWdtKH;Pop;Spanish
Dúo Rúbam;Adán y Eva;1960;2b6fX2vkRhqQpuJFQ4MXL6;Rock;Spanish
Elvis Presley;It´s now or never;1960;1XunTmhOcj3xwh4b8P3isX;Rock;English
Gelu;Después de seis tequilas;1960;0wQWWki5desaWvrfD4rnJ3;Pop;Spanish
Gloria Lasso;La cancion de Orfeo;1960;6C3INnAHsyjJDZ6j5Eo1yR;Bolero;Spanish
Hermanas Serrano;Comunicando;1960;6EsGONwi6sUv0FzmknVJeA;Pop;Spanish
Jacqueline Boyer;Tom Pillibi;1960;3fZIQ0sdsy7u7YDmOpqbxS;Chanson;French
Jimmy Fontana;Diavolo;1960;2xWFTlYTuLSLdW394DNwdH;Pop;Italian
José Guardiola;Dieciseis toneladas;1960;3YgxQkVH4hKBruWiXUKgGo;Pop;Spanish
José Guardiola;Mackie El Navaja;1960;3mYgLNJ9VCh2QYBUIUz5iK;Pop;Spanish
José Guardiola;Mustapha;1960;5cWAZZ77CwqY9STCmbp7gO;Pop;Spanish
Los 3 Carino;Paseando con papá;1960;5L0e0qkOmNlPxkgKywIENX;Pop;Spanish
Los Cinco Latinos;Eres Diferente;1960;5kdj2yC3I0uqohVuTAvrkf;Pop;Spanish
Los Gemelos;La flor de la canela;1960;1qORZx6Zi7aFuFM8J1cU6g;Canción popular;Spanish
Los Llopis;Estremecete;1960;3eZyQHEOhwdXQdAe6f6995;Rock;Spanish
Monna Bell;El dia de los enamorados;1960;6pHbYmFovZUj5Dsh2w30Oz;Pop;Spanish
Nat King Cole;Ansiedad;1960;3Gi5wzTIJ7K8qQDmvuQ4Zo;Bolero;Spanish
Paul Anka;Adam And Eve;1960;4YmJXCXCkLorPkYiSPFUN3;Pop;English
Adriano Celentano;24.000 Baci;1961;7lHyP7xQh90G6oX1OUlxdV;Rock;Italian
Aleco Pandas;Tus Ojos Grises;1961;5IykEYRKG4kMZr1Ub2g8GP;Pop;Spanish
Dúo Dinámico;Poesia en movimiento;1961;2uO3CbQi3BahGknZSo3gIW;Pop;Spanish
Dúo Dinámico;Las hojas verdes;1961;3I5JBzDLBmMtjcWPOw7URD;Pop;Spanish
Dúo Dinámico;Quisiera ser;1961;62hSknYccwR0ZakYd6NMJg;Pop;Spanish
Elvis Presley;Are you lonesome tonight?;1961;6vXZs9rEQF7Nd6O8Ue7NrT;Pop;English
José Guardiola;Enamorada;1961;7q3oza6UD9kNC8Kzg9yIXo;Pop;Spanish
José Guardiola;Exodus;1961;1vuq9NxSqz4DGtmE76fpaI;Pop;Spanish
José Luis y su Guitarra;La novia;1961;66wvpolfyGtUyx8iRrGmT1;Pop;Spanish
Los 5 Latinos;Estando contigo;1961;78T6GKB1PAr5Jsf99wHmBt;Pop;Spanish
Los Milos;Pitágoras;1961;2gxZvmjgOoUdg4ODXWakAj;Rock;Spanish
Los Milos;Zapatos azules de gamuza;1961;5RJnezJ06r9RTJM2baxzRF;Rock;Spanish
Los Pantalones Azules;Johnny, sé bueno;1961;3GWVDwlT5DwRnNSxmnnqCH;Rock;Spanish
Los Pekenikes;Madrid;1961;6hFpCaZZsLx7p657ML2xiT;Rock;Spanish
Los Sonor;Ligados;1961;0WyRE9CdJUrDTtoVONYBDl;Pop;Spanish
Los Zafiros;Flor silvestre;1961;5pSB8oKjhkbUHVdeCUSof4;Bolero;Spanish
Lucho Gatica;Moliendo café;1961;6j2nwvPhrW633zQ2Yaqh2i;Bolero;Spanish
Paul Anka;My Home Town;1961;75wzEkDy6NnSj692dA99ip;Pop;English
Paul Anka;Tonight My Love Tonight;1961;0hYEYnKYQt5d0zQdUABH3V;Pop;English
The Brothers Four;Greenfields;1961;7F3R0rKXq5eYgPug8vqOdu;Pop;English
The Brothers Four;The Green Leaves Of Summer;1961;3uVlrgsoFaYEUHZYzX5nPj;Pop;English
Chico Valento;Mama;1962;60O0xk63LhPoYMb0YXSO25;Pop;Spanish
Cliff Richard and The Shadows;The young ones;1962;6ed0AwPdxhDVKOKoYRLfgH;Pop;English
Dúo Dinámico;Perdóname;1962;6IbItOpMl94SslVvJsa5ib;Pop;Spanish
Dúo Dinámico;Bailando el twist;1962;2cTQ6g2GFV1exlvqI6ntV1;Pop;Spanish
Dúo Dinámico;Esos Ojitos Negros;1962;0tPm4h6myMyAwis4XOKzZw;Pop;Spanish
Dúo Dinámico;Mari Carmen;1962;1J1KomZ1AEL4Hfg9ocq1kv;Pop;Spanish
Dúo Dinámico;Quiero;1962;0PHQiZvxx3NHznW1Wad4kK;Pop;Spanish
Elvis Presley;Good luck charm;1962;19gotedXtqeE8dWju6WURW;Pop;English
Elvis Presley;Marie´s the name;1962;4qbLOU1T7xgTH87eUSkvJ1;Pop;English
Gelu;Siempre es domingo;1962;311jU8kgOunYZhmCkzwlyl;Pop;Spanish
Gilbert Becaud;Et Maintenant;1962;7ljux6L94K33WbEM8mKGrf;Chanson;French
Hermanos Rigual;Cuando Calienta El Sol;1962;4Q9s093vAh9BagnTnfQgkE;Pop;Spanish
José Guardiola;El día más largo;1962;2H2rSolcoyuwDpj9k1Wumm;Pop;Spanish
Lita Torelló;Desafinado;1962;5rhNglTarEOA9noDG0pCO2;Pop;Spanish
Los 3 de Castilla;Me gusta Madrid;1962;2xz9vddt4izjGTDr2aGvlx;Pop;Spanish
Los H.H;Escucha cow-boy;1962;0qyhpUU9anTsUdjDCoiTD9;Pop;Spanish
Los Pekenikes;Hey baby madison;1962;4Rlepw0wBVUz1MiCgR943L;Pop;Spanish
Miguel Ríos;Detén la noche;1962;3pKGyZZ5CnIfpqLzwZVYDJ;Pop;Spanish
Miguel Ríos;El twist;1962;6CSsGiqCgGJPKL6U2zzrSM;Pop;Spanish
Miguel Ríos;No, no lo quiero;1962;3bBWbxiafU50XbaDRPBgjm;Pop;Spanish
Miguel Ríos;Twist del reloj;1962;750SzTYwcURfzG1m1aEGwZ;Pop;Spanish
Milva;Tango italiano;1962;1RQ3ZzjSIXfYoHLNaw4fOZ;Canción italiana;Italian
Miquel Porter;La cançó de la taverna;1962;1LZNrkeNu6nBRkVtzCqMp3;Singer/Songwriter;Catalan
Paul Anka;Dance On Little Girl;1962;7hicCfvTRlRjkrHYim5Gp4;Pop;English
Paul Anka;Love Me Warm And Tender;1962;2gpLU5dhDI62Oo5I3kzJTZ;Pop;English
Remei Margarit;Classe mitja;1962;3fdSyb757sDJDIdaBJXpIb;Singer/Songwriter;Catalan
Rosalía;El pañuelo manchado de rouge;1962;1tJB8zR9KR3jNJLj4cC6bi;Pop;Spanish
The Rocking Boys;Twist en Sevilla;1962;6L0O2FVlUe3U3Cl7iZhnef;Rock;Spanish
Tina y Tesa;La balada de la trompeta;1962;3lKVAmduouTIufBvDZjt5Z;Pop;Spanish
Andy Williams;Maria (West Side Story);1963;4Fr0cHxkxCQmbPVQ8QvQjZ;Canción ligera;English
Baby;Pippermint twist;1963;3iXVrqkMwQH0GpimRKNZfX;Rock;Spanish
Cliff Richard and The Shadows;Summer holiday;1963;054qLeg034PXr1wM3DMstk;Pop;English
Delfí Abella;Cançó del turista;1963;75VZwHxYBFcfi2R2LBdgRx;Singer/Songwriter;Catalan
Dúo Dinámico;Balada Gitana;1963;52cQELA4ZcffMAQIVuoH9n;Pop;Spanish
Dúo Dinámico;Amor de verano;1963;2hOdoS6Y69GD5BR1s8FD5C;Pop;Spanish
Dúo Juvent's;Dime;1963;6KIXAg7jBXvjviN1Lqd95e;Pop;Spanish
Elvis Presley;Return to sender;1963;3uwIoa2emQILz6BmH6MtiW;Pop;Spanish
Enrique Guzman;Dame Felicidad;1963;5RX0rW0SSkc1QOC1sDltUP;Pop;Spanish
Enrique Guzman;Cien kilos de barro;1963;4EuH5egzbPHEXadXd86uLu;Pop;Spanish
Gelu;El partido de fútbol;1963;0WuKz7dAk45RDtxBP62W95;Pop;Spanish
Gelu;Renato;1963;55P1dzsCZYiHqyW1tMS1JR;Pop;Spanish
Karina;Si fuera una princesa;1963;3L5zVdswpukZ8nYGaaf8o8;Pop;Spanish
Los H.H;El ritmo de la lluvia;1963;3MB9x4ITOdd9sPSjkDdlaO;Pop;Spanish
Los Mustang;Telstar;1963;0ca3Jwn06okgs9XUPmplIj;Rock;Instrumental
Los Mustang;Todos los chicos y chicas;1963;1YthgPnAj6zF4rRVQgkZci;Pop;Spanish
Los Relámpagos;Cuando cesa la lluvia;1963;1bJ4BoTPvEFUsqENroHsFz;Rock;Instrumental
Los Relámpagos;Relámpagos;1963;6IUvUGwtceNysin7raGPmL;Rock;Instrumental
Los Tamara;Volver a ti;1963;1MFrjTdw7zhNeJjtZAO0HY;Pop;Spanish
Los Teen tops;Popotitos;1963;57VCdyl9oD11pp1CgI5ODp;Rock;Spanish
Luis Aguilé;Dile (Tell him);1963;1s1UHLscWvgKGad1ga4k7k;Pop;Spanish
Micky y los Tonys;Lup de Lup;1963;2E1pj8ETK5qpUupAVHbBHe;Rock;Spanish
Micky y los Tonys;Ya tengo todo;1963;4sKk3s5gFOWqoOeVBa3MUR;Rock;Spanish
Miguel Ríos;¿Quieres bailar?;1963;6zMpwdEJcHztT3Wg7Nnsen;Rock;Spanish
Ontiveros;Chica alborotada;1963;4sa0zW9b6JygJH41vLAKsr;Rock;Spanish
Paul Anka;A Steel Guitar And A Glass Of Wine;1963;54xxVmu4bycyQ7psgJdzrh;Pop;English
Rita Pavone;Cuore;1963;4IRpIUaWtSxNn7HM7sORhn;Canción italiana;Italian
Rosalía;Dile;1963;6twKwEFJylcOyuXgpfiyny;Pop;Spanish
Tina y Tesa;La locomoción;1963;1b7kbHbHaXrSP8sBXHDwec;Pop;Spanish
Tony Ronald;Hully gully;1963;0oF8YjW67jxWVzOmXBNX90;Rock;Spanish
Tony Vilaplana;El teu besar;1963;51yha04UD828jM43W7PXsU;Rock;Catalan
Alain Barriere;Ma Vie;1964;64z0hyq4NZlozXBhvWNI3y;Chanson;French
Betina;El curso va a empezar;1964;4KKq2mpVTYm0zjylAp4UPu;Pop;Spanish
Betina;La gente;1964;2gR4WOONs8S5cPHfuwotnD;Pop;Spanish
Cilla Black;Anyone Who Had A Heart;1964;28Y2taEFmHofu2EsU04ILf;Pop;English
Gigliola Cinquetti;Non Ho L’Eta (Per Amarti);1964;07rZol7bEXJSUHIcwah0eq;Canción italiana;Italian
José Guardiola;La mamma;1964;2QY8kezPGzcHvhAbqK6LEU;Pop;Spanish
Karina;No está bien;1964;44zSXmUaz54ZTZHmtnN0gV;Pop;Spanish
Karina;Puedo;1964;2QRMLdZFvFXKIs34DeCsQT;Pop;Spanish
Les Surfs;Tu Serás Mi Baby (Be My Baby);1964;14FKsFvZhY3lzNaJxTBR4t;Pop;Spanish
Lone Star;Di si me quieres;1964;75uUlFlCQ36wVoLv6DoHw6;Rock;Spanish
Lone Star;La casa del sol naciente;1964;2Q4dVy1hcAG4qsnqZhJYhp;Rock;Spanish
Los 4 Jets;Zorongo;1964;747t4VRxrmP5EpSyZwEJAm;Rock;Instrumental
Los Ángeles Azules;No es para ti;1964;3uFssrbbPaPUNNb84krOBC;Pop;Spanish
Los Ángeles Azules;Solo quiero estar contigo;1964;04YyfoUP0V6WJ7eXd4hM5u;Pop;Spanish
Los Brincos;Cry;1964;41YbMXoNwLXmzZNo3d0LpV;Rock;English
Los Brincos;Dance the pulga;1964;2Hy58cgFeMmDpcKxzIXKtd;Rock;English
Los Brincos;Tú Me Dijiste Adiós;1964;352wdQ1vnLYhhGaktZ1AtZ;Rock;Spanish
Los Continentales;Don Quijote;1964;049ys0KCutXfGyX6JHAEwZ;Rock;Instrumental
Los Flaps;El vito;1964;1uncJoMIa7I7SWlk8xx1VR;Rock;Instrumental
Los Gatos Negros;Tú serás mi baby;1964;51AmfdGzZCNmeGNFBUTeSo;Pop;Spanish
Los Gatos Negros;Una rotonda sul mare;1964;17ixukPA48D7sGrMK6lmyI;Canción italiana;Spanish
Los Ídolos;¿Cómo lo haces?;1964;0Ae4yIQj3zt0YUCqXa4t9h;Rock;English
Los Javaloyas;Sapore di sale;1964;1O0jZnVHfXkxlQZCTXXGFA;Canción italiana;Italian
Los Mustang;Le snap;1964;0cCI5XMOSLLEFm2DgPhN9x;Pop;Spanish
Los Mustang;Mi vida;1964;7cNHCtJ0IVgPtEPQuMlNEn;Pop;Spanish
Los Mustang;No tiene edad;1964;4WOefVLVz3OnASHamSSpKR;Pop;Spanish
Los Mustang;Please please me;1964;2lBEeIwGip0a2wMWQTnonI;Pop;Spanish
Los Pekenikes;Los cuatro muleros;1964;517wUuTxWcjeMs2eeIQpjn;Rock;Instrumental
Los Pekes;De mi mejor amigo;1964;1Ut81ZYJ20TDkDyOkbRG0V;Pop;Spanish
Los Sirex;Ciao, amigo;1964;6fRHeNNfPQNrToRLuRjAFT;Pop;Spanish
Los Sirex;San Carlos club;1964;5eWEYnx3HGYSehxN7eZZLv;Pop;Spanish
Los Sonor;Charada;1964;2qkrYpx9JB2VaiQOxR6eGa;Rock;Instrumental
Los Tamara;Y por tanto;1964;2Z57pi0eKzlNmMhPpo0gKy;Pop;Spanish
Luis Aguilé;Verde, verde;1964;0SxLv2UlbMJm8ISBQYZL9a;Pop;Spanish
Luis Gardey;Oh, mi Señor;1964;1IUDV0zpEJzF7CPUWlO1z3;Pop;Spanish
Micky y los Tonys;El vendedor de melones;1964;2AoihH14ALg8skPyZj3wqw;Rock;Spanish
Micky y los Tonys;Hay tantas chicas en el mundo;1964;4MvoWTCu2V8MNrGX7hx5Co;Rock;Spanish
Micky y los Tonys;La luna y el toro;1964;1aIJXMPV1ZZ5pGfwYdtGtd;Rock;Instrumental
Micky y los Tonys;No tengo edad para amarte;1964;5FF6HnidZWN9zAuR00LV4S;Rock;Spanish
Micky y los Tonys;Sospecha;1964;5JYW4BzgFgZYTe56U7TRjs;Rock;Spanish
Micky y los Tonys;Zorongo gitano;1964;69ipceZCI0aEvMkhio1HJT;Rock;Instrumental
Miguel Ríos;No pido excusa;1964;5qkbuxOzW78wNM9yx0Wpkb;Pop;Spanish
Miguel Ríos;Serenata bajo el sol;1964;3t913yRwHdv50SWhP4o3IH;Pop;Spanish
Ray Conniff;The Little Drummer Boy;1964;7dbt0rQijN2PDPRQjuVoq7;Pop;English
Remei Margarit;La violoncel·lista;1964;3l2xixLPOAXCI7L4L53wfO;Singer/Songwriter;Catalan
Rita Pavone;Que Me Importa Del Mundo;1964;26862q8ZIX6ktj2jEuOOPI;Canción italiana;Spanish
Rosalía;Ciudad solitaria;1964;6F8UK9JoiYxfTFHGcpXQKL;Pop;Spanish
Rosalía;Dominique;1964;4z8zIfKFBvgCx2xJhw4SRG;Pop;Spanish
Rosalía;Si yo canto;1964;3eeSlnHUPM3NnaFFI0b2VZ;Pop;Spanish
Soledad Miranda;Lo que hace a las chicas llorar;1964;6caHrtlStEjGeE0mawejoR;Pop;Spanish
Sylvie Vartan;Si Je Chante;1964;7uqmV4mlNLgCySp0nXAf10;Chanson;French
The Animals;The House Of The Rising Sun;1964;3XC7Jd6SfrQYKZJ6inyRHK;Rock;English
The Beatles;A Hard Day’s Night;1964;69d54YOS8TOQiUYjX57XeA;Rock;English
The Beatles;Twist And Shout;1964;4Z1fbYp0HuxLBje4MOZcSD;Rock;English
Tony Ronald;Hippy hippy shake;1964;3FvLgdRfe9SML5YfxnBNMX;Rock;Spanish
Trini Lopez;If I Had A Hammer;1964;4JMl6POnS2IPBpVVwDl06P;Pop;English
Bobby Solo;Se Piangi, Se Ridi;1965;3KFtTMzhe5hVTfMur4osaL;Canción italiana;Italian
Bruno Lomas;Comprensión;1965;3mw5zPKlMzJgrPfzR6juqD;Rock;Spanish
Cefe y los Gigantes;Gritaré;1965;3CdVjL2GYHOHILLk3Xj6fl;Rock;Spanish
Cefe y los Gigantes;Sin rencor;1965;5xV9UIlTiIZpbaSMLYOd32;Rock;Spanish
Charles Aznavour;Venecia Sin Ti;1965;4z3HhHDG9CK5sUtFduNKl3;Chanson;Spanish
Conchita Velasco;Chica ye yé;1965;4TIniukb2n4zohTq8WOR5K;Pop;Spanish
Els Dracs;La casa del sol naixent;1965;4LOZx0Q7viMrNmV4KQ7J0R;Rock;Catalan
France Gall;Poupee De Cire, Poupee De Son;1965;7i4WaTC7Xp6SY49aCdcVia;Chanson;French
Francisco Heredero;Capri se acabo;1965;1nW6k9xrOqOujp3siD6sIJ;Pop;Spanish
Francisco Heredero;Mariola;1965;0GnrDxfeqNjG3nuZRbnje6;Pop;Spanish
Gelu;Chao chao;1965;2REuWw3UWCB1UmH6Uj465e;Pop;Spanish
Gianni Morandi;No Soy Digno De Ti;1965;3Yfgq91tSpgoYvK45OuM8R;Canción italiana;Spanish
Guillem d'Efak ;Ran, ran;1965;4uv2dFneHscVQ4sZa7Y607;Singer/Songwriter;Catalan
Jimmy Fontana;El Mundo;1965;2HCN2W2Y6GAfct0NWEtsk0;Canción italiana;Spanish
Joan Manuel Serrat;Una guitarra;1965;1YOtBVPrPJeSe7rsXdreO8;Singer/Songwriter;Catalan
Joan Ramon Bonet;El vent em du;1965;6TxX84Cg4yjKUtHv3QApaz;Singer/Songwriter;Catalan
Johnny & Charley;La Yenka;1965;05wZFncY1qLOBusPsVaABq;Pop;Spanish
Karina;Me Lo Dijo Perez;1965;6Kam6GLJ1LeAu3iBCdcqw1;Pop;Spanish
Karina;Muñeca de cera;1965;4EfwpG7EQEaxCbRZp7Xgmf;Pop;Spanish
Los 4 de la Torre;Mamita;1965;5JEevdBlBEp32IIXq2uFa8;Pop;Spanish
Los Brincos;Flamenco;1965;0hWNl8SlXHJ3dt0VG6hjK0;Rock;Spanish
Los Brincos;Baila la pulga;1965;28B2LwjfIfLCqswIUmDva8;Rock;Spanish
Los Brincos;Borracho;1965;4wMDDWDc5GJesTbeVQPMAq;Rock;Spanish
Los Cheyenes;Conoces el final;1965;0zh2G90z4I016K8ndXZ3Mk;Rock;Spanish
Los Cheyenes;Válgame la Macarena;1965;29Eyb7TY1Y5d7gXqRMFBDf;Rock;Spanish
Los Extraños;Terry;1965;19d9q6Pb3A3XtqjvgFbkV7;Rock;Spanish
Los Flecos;Estás lejos;1965;27rYqQBiWeaBtthT2rCBDZ;Rock;Spanish
Los H.H;Amen;1965;4rJuAg4oDJ3vC5EJPmuB6G;Pop;Spanish
Los Mustang;¡Socorro!;1965;5POg6uDmD2Vj1O9qVa9eoj;Pop;Spanish
Los Mustang;Yo que no vivo sin ti;1965;3qNqMsUqE5WqY8dDttAwg3;Pop;Spanish
Los Nivram;Falsa ilusión;1965;4K8BsSyt0gmeNuG04WeYQA;Pop;Spanish
Los Pájaros Locos;Linda chica;1965;5JZMXjZRRzEyEwhfbGEqf9;Pop;Spanish
Los Pekes;Do wah diddy diddy;1965;1yf78ONEpKmJboIWLWasAz;Pop;Spanish
Los Pekes;Hago mal en quererte;1965;36CNKVN3bmVxzJLuq3vhSw;Pop;Spanish
Los Protones;Mis lágrimas;1965;7rhB05hqXTsxoQogeTU5RS;Pop;Spanish
Los Relámpagos;Capullito de Rosas;1965;1Jcm0539sXMNrlqTsgOsAf;Rock;Instrumental
Los Relámpagos;Dos cruces;1965;6Fk5cEsS22ccWGZfh67FdH;Rock;Instrumental
Los Relámpagos;Nit de llampecs;1965;7l9b4QEd1ekKOAcM5wGXNi;Rock;Instrumental
Los Rockeros;En forma;1965;6zz8GJlkPaaOGX6vEeinMs;Rock;Instrumental
Los Rockeros;Ensueño;1965;4kzzsSytqO5VQLbuuB1OfE;Rock;Instrumental
Los Salvajes;Se llama María;1965;4uGfIlZHwC60pXK2tzbnoz;Rock;Spanish
Los Shakers;Grito tu nombre;1965;2nUBz3HJ9MAwgm5ru8MMtb;Rock;Spanish
Los Sirex;Enseñándote a amar;1965;2VpcHgVWPtJksf9lqfKjfI;Pop;Spanish
Los Sirex;La escoba;1965;1dgi28o666VmqNP1JALauv;Pop;Spanish
Los Sirex;Que bueno, que bueno;1965;6JUDQ2KU6Pm5m1nvdYdmwB;Pop;Spanish
Los Sirex;Que se mueran los feos;1965;2b86JimepLVr509zIdO64Q;Pop;Spanish
Los Tamara;Zorba el griego;1965;3AWyPEAOKkQaEu3o4rMr5o;Pop;Spanish
Los Tiburones;Perdí tu amor;1965;0E45VyQ2hRcGIuK5I3pmZK;Rock;Spanish
Los Top-Son;Me has cazado;1965;0iENLqq2HEa2RkZ8MsPqar;Pop;Spanish
Maria del Carme Girau;L'arbre sec;1965;6z60KLyEgEZFt8AcWt9rX0;Singer/Songwriter;Catalan
Micky y los Tonys;Pretty baby;1965;218TgF3BmYe7ANjvRuPhil;Rock;English
Micky y los Tonys;Ya no estás;1965;3Pn7yjksb194wIOMq8QSEB;Rock;English
Miguel Ríos;Ayer;1965;0OFzq1FNEJGgFnSxqJE6So;Pop;Spanish
Miguel Ríos;Tema para Rocío;1965;7rGYUHgG8HqGYVawFqoGFS;Pop;Spanish
Petula Clark;Downtown;1965;0hgWgToJgb7O1tT12YWRCz;Pop;English
Raphael;Amo;1965;08l2fwcidseFr57OMuvFKh;Pop;Spanish
Raphael;Canción del tamborilero;1965;1RytdbY8m3QHFKX9gCUV8v;Pop;Spanish
Raphael;Todas las chicas me gustan;1965;62XUEoxeiJa33PzjGQ6nJR;Pop;Spanish
Richard Anthony;Mi Mundo;1965;1FAWQ92cuLMVo7c6gCB1Vw;Chanson;Spanish
Rosalía;Chica ye-yé;1965;5rABLF3i4frnKZM7u1L7gX;Pop;Spanish
The Beatles;Yesterday;1965;1e0hllQ23AG0QGFgezgLOq;Pop;English
The Brisks;El cochecito;1965;2dW4pfQcD0MINvaiMgSftL;Pop;Spanish
The Brisks;Pepe será papá;1965;50Be3a6O0n7mZeCSQ9esit;Pop;Spanish
Tony Ronald;True fine mama;1965;429zWZlyALXRhlQv5CHZLO;Rock;English
Antonio González;Levántate;1966;1e6jzCyQh4CTEDbU8tfZPz;Rumba;Spanish
Betina;A la buena de Dios;1966;1PfYqxoH2ITg7ps1KMHZoH;Pop;Spanish
Christophe;Aline;1966;3Sju0jbR35bTfajNgbkgFy;Chanson;French
Dúo Dinámico;Como ayer;1966;5ahnz2ykeFFZ7Do1KQCasc;Pop;Spanish
Dúo Dinámico;Tal vez;1966;3D6LNTUtfT1I2xBFfhje3o;Pop;Spanish
Els 3 Tambors;Romanço del fill de vídua;1966;2fkHI4IO7rkAorQsB746jK;Rock;Catalan
Frank Sinatra;Strangers In The Night;1966;4yRPGDmtIWZjhIPcEvPxsF;Canción ligera;English
Herve Vilard;Capri C’Est Fini;1966;2NSRCbvV9CaRUN8zJauMOl;Chanson;French
Joan Manuel Serrat;Ara que tinc vint anys;1966;3sbFL6MOViiY2cmVeRLTWY;Singer/Songwriter;Catalan
José Guardiola;Extraños en la noche;1966;5QvSMBSfXTVRlbBo3kTbwW;Pop;Spanish
Karina;A quien pueda interesar;1966;3nuIKrSwntiiG630KIIfw0;Pop;Spanish
Karina;Concierto para enamorados;1966;0rgmmmzSh2YAbcXWW03B5h;Pop;Spanish
Lone Star;Chica Solitaria;1966;2XJFcdjFcz1XkFy3eHeHSg;Rock;Spanish
Lone Star;It's a man's man's man's world;1966;347gVuHzRr2YlABgNRMjob;Rock;English
Los 4 de la Torre;Vuelo 502;1966;3B7WTckecmKKzMaeGiGrAR;Pop;Spanish
Los Ángeles Azules;Canto a lo español;1966;58mAIbHMzcJjHSWNReNwDd;Pop;Spanish
Los Bravos;Black is black;1966;6lazLV13sV8VNGJTjL4Zeu;Rock;English
Los Bravos;It’s not unusual;1966;0TZYXoYbO9yDvVeabpEaXW;Rock;English
Los Bravos;La Moto;1966;0GS0PoeH5OU8kZTgyWI3UJ;Rock;Spanish
Los Bravos;La parada del autobús;1966;0OERCeEQ0vQvECl4NJI7qx;Rock;Spanish
Los Bravos;No sé mi nombre;1966;6MYXbpwKIsZ6BG8tfZMXWE;Rock;Spanish
Los Brincos;A mí con esas;1966;0nnFMq5ekKrZvpmxGRAcZW;Pop;Spanish
Los Brincos;Mejor;1966;7oWVqMVT3LOHHvnSVrRnVh;Pop;Spanish
Los Brincos;Renacerá;1966;3HrWJrJMB7bCGrA61T7EJU;Pop;Spanish
Los Brincos;Un sorbito de Champagne;1966;2tFw1rpG8RqiWPJJDPikJt;Pop;Spanish
Los Cheyenes;Eres como un sueño;1966;46DWUpercQUKfdVIDY6ZaV;Pop;Spanish
Los Cheyenes;He perdido este juego;1966;6D0Rwl1kBYeYoFAjamjZnG;Pop;Spanish
Los Diapasons;Mi Yaya;1966;6NjpKHQ6XWo4z5l0Qzkqui;Pop;Spanish
Los Flames;Un domingo;1966;2R1chfuUef8V1mYSWBTTox;Pop;Spanish
Los Flecos;Correr;1966;56CwyUR8XUNoAqzGhPmuqr;Pop;Spanish
Los Gatos Negros;Cadillac;1966;4ZARWgo3rFFv1srv6ENrWT;Rock;Spanish
Los Gatos Negros;Gringo traidor;1966;7faL9I64n2eb54aktrhkpM;Rock;Spanish
Los H.H;Aquel amanecer de mayo;1966;3mEItPAI3QUKznCMZwxuKm;Pop;Spanish
Los Huracanes;El Conquistador;1966;6gEO0eIyNqS4lwFm2zdf4Z;Rock;Spanish
Los Huracanes;Esta tarde a las siete;1966;5a66JihC6OEAE9adMkN0hS;Rock;Spanish
Los Huracanes;Lo que tú me haces sentir;1966;6Ierb3Z179Johx5NNuHJZE;Rock;Spanish
Los Mustang;Submarino amarillo;1966;2Ulsr522qHNoGJrIWjuvls;Pop;Spanish
Los Nivram;Mi estrella;1966;0nuOr6EZLmO54MQcfJtwuE;Pop;Spanish
Los No;La llave;1966;5Og9ompiho7QVobG2S51gH;Rock;Spanish
Los No;Moscovit;1966;3L5WgukOi2ELnxfYiNkuNW;Rock;Spanish
Los Pasos;Nací de pie;1966;6QAzDMBX6O8OyYMx6S5LJm;Rock;Spanish
Los Pasos;Tiempos felices;1966;2svh4w4nC6LK8ZBzR6nJAu;Rock;Spanish
Los Pekenikes;Arena caliente;1966;7jwrlp5Dpoo3DTh2GkKNdh;Rock;Instrumental
Los Pekenikes;Hilo de seda;1966;2XCy5xGfRGjhkLwJtIVBnd;Rock;Instrumental
Los Pekenikes;La Bamba;1966;37C1f1mzo3kFcKYpZCnTWo;Rock;Spanish
Los Pepes;Cal y cemento;1966;1NYU7p027FLaykAyrxZQ3A;Pop;Spanish
Los Pepes;Rojo;1966;4KeHx5QUz3dLiYFHLaFUkA;Pop;Spanish
Los Pepes;Un día feliz, otro de llanto;1966;0ePSkUIEMqQk9rFYYWH0ek;Pop;Spanish
Los Pepes;Vieja guardia;1966;6gVbitFrhs78EBExLG9NOW;Pop;Spanish
Los Polares;¡Qué chica tan formal!;1966;33V0ZFQqNhs4iQkpgupxOG;Pop;Spanish
Los Relámpagos;Alborada gallega;1966;5MFddh7ILwJ5y1tuQ8L9vz;Rock;Instrumental
Los Relámpagos;Danza del fuego;1966;4nK75qWNKa9Fc0a0aX8fjQ;Rock;Instrumental
Los Rockeros;Todo cambió;1966;7rOSHlCkZHUMSOOgmjZSMG;Pop;Spanish
Los Salvajes;Al Capone;1966;6fK3RIIzmjT4woMR3p7Acm;Rock;Instrumental
Los Salvajes;La Neurastenia;1966;5Y4BZBMwIeDQN1ZJ4Hvc15;Rock;Spanish
Los Salvajes;Todo negro;1966;6Bf0hKLyIUhjyfjWOI6xyz;Rock;Spanish
Los Shakers;No volveré;1966;4OhAU7oGD4OaczFKrzX6kB;Rock;Spanish
Los Sirex;Eternidad;1966;4sy5l8zb2frlzRFJGfd9TE;Rock;Spanish
Los Sirex;Olvídame;1966;7vygXZwLDZpoVzrlaL3DVE;Rock;Spanish
Luis Aguilé;Juanita Banana;1966;2f17KX8dxfyxIOVV4PP6RA;Pop;Spanish
Manolo Pelayo;Regresaré;1966;2m3Xa6rrrcLcSQr4OQAzhG;Pop;Spanish
Maria del Carme Girau;Cançó de bressol;1966;5ZCLSRUC4QVWkr4YwC5EzS;Singer/Songwriter;Catalan
Massiel;¿Y Sabes qué Vi?;1966;5B6R3xOdZ61KR4vwN6wn3J;Pop;Spanish
Massiel;Di que no;1966;0tgwgQhTqWwXXxC035U7co;Pop;Spanish
Micky y los Tonys;La gallina;1966;5TK4uq9oER99rjRIIdLYNH;Pop;Spanish
Micky y los Tonys;No sé nadar;1966;4jeMUTMQ1W3wvKFtA5QbJD;Pop;Spanish
Nancy Sinatra;These Boots Are Made For Walkin’;1966;2nwCO1PqpvyoFIvq3Vrj8N;Pop;English
Raphael;Estuve enamorado;1966;2kDCQxUwn2i2ktESPreZ9X;Pop;Spanish
Raphael;Yo soy aquel;1966;6b3ub116kE1T15h1yzaiTy;Pop;Spanish
Roy Etzel;El Silencio;1966;6HPGvpJJUCYGuWntfKwsBH;Canción ligera;Instrumental
Sonia;Aquí en mi nube;1966;6REkAS0Q8dfkCKMv7U6MSA;Rock;Spanish
The Beatles;Michelle;1966;0yZEKwCNhkyaqk1ZyCZU7A;Pop;English
The Beatles;Yellow Submarine;1966;6NqtddM4j4X9dG75yOmy0S;Pop;English
The Rolling Stones;I can´t get no (Satisfaction);1966;7fSGbZLhWlAiCC3HDPAULu;Rock;English
Tony Ronald;El coche guiarás;1966;3EM15bYWpTHfw4dw3m0Ghu;Pop;Spanish
Betina;La lancha;1967;1ZxZJxvsXza923TTzhEwV9;Pop;Spanish
Bruno Lomas;Codo con codo;1967;7zilkKUGbO8bVpLbmKJOmZ;Rock;Spanish
Bruno Lomas;En el desván antiguo de mi abuela;1967;6coUeKLdocRmOx3mYSnp6H;Rock;Spanish
Bruno Lomas;Es mejor dejarlo como está;1967;3dSrLPHvdx9GM5H249DZXC;Rock;Spanish
Los Canarios;Peppermint frappé;1967;6ouPnZ5CP3jd2msJpG6bzD;Rock;English
Dova;Com el vent;1967;0LOOatp1aAB9h9cEF6M1rD;Pop;Catalan
Elia Fleta;Cor inquiet;1967;02APWAFJtS4CHKdWeZtTuy;Jazz;Catalan
Els 5 Xics;Tiene los ojos azules;1967;6uBAkqXKqCuqyQtje4JGEc;Pop;Spanish
Frank Sinatra;The World We Knew (Over And Over);1967;2zh2zFWkTqWHnQZpsmkjt8;Swing;English
Guillem d'Efak ;Sa cançó de son coletes;1967;289E0UBFMDtYrpVfXgMDDL;Singer/Songwriter;Catalan
Joan Manuel Serrat;Cançó de matinada;1967;5qQkH0CcOT2G7sXhWwnwXc;Singer/Songwriter;Catalan
Joan Manuel Serrat;La tieta;1967;75QfREBWHo7GKJqGOFQGqC;Singer/Songwriter;Catalan
José Guardiola;Un hombre y una mujer;1967;7HAY4h8xslrtbRlbKqSdN9;Pop;Spanish
Juan y Junior;A dos niñas;1967;1G9akLWzxUfkJjMhpFyjLk;Pop;Spanish
Juan y Junior;La caza;1967;7KN8waDYBppO9O95pSQcOm;Pop;Spanish
Juan y Junior;Nos falta fe;1967;5USoTagSq1UDdLg8SAFmwr;Pop;Spanish
Karina;Los chicos del Preu;1967;5eqmwNMXBZWA0KUBVUP66z;Pop;Spanish
Karina;Romeo y Julieta;1967;3g2ZQ8QsiJZbuYPCyYsPfc;Pop;Spanish
Lone Star;Amor bravo;1967;3T5QkMUzHbo9Rcs0MdE1hO;Pop;Spanish
Los Ángeles;98.6;1967;70YgLtYBfT3LtTDqII06S3;Pop;Spanish
Los Ángeles;El silencio es oro;1967;7aRxVlzHLfbnvBgVBBBrmt;Pop;Spanish
Los Ángeles;No estoy contento;1967;3P1EOGH0RChDFLu8O8TyJA;Pop;Spanish
Los Bravos;Bring a little lovin';1967;5CjgQ6NFMEvaavM8nhC5ie;Rock;English
Los Bravos;Como nadie más;1967;5mrYDkOI5YVWeNAEjGX9Jc;Rock;Spanish
Los Bravos;Los Chicos Con las Chicas;1967;1k4kMMTPN5Yc0KdMxtMTuj;Rock;Spanish
Los Bravos;Sympathy;1967;2z0PZL8jYqZ0bqq7I0st5L;Rock;English
Los Bravos;Te quiero así;1967;3BpWSCac7L9rrPP0kFHpYw;Rock;Spanish
Los Bravos;Trapped;1967;5MmxzwqauSPPbl53WLkCj4;Rock;English
Los Brincos;El pasaporte;1967;5rdoSijD79sY2dqGs33Xc2;Pop;Spanish
Los Brincos;Lola;1967;1Exn1NYlMHkurl4saKtXcb;Pop;Spanish
Los Brincos;Nadie te quiere ya;1967;75BAp5g6z11acf6dw4o4Hg;Pop;Spanish
Los Gatos Negros;Homburg;1967;2EbrdyxjRA5IJrM6b36TsY;Pop;Spanish
Los Go-Go;Con su blanca palidez;1967;4gI5H5dlmJ9q7FMPdveATn;Pop;Spanish
Los Huracanes;Carnaby Street;1967;0YcxzS3VFqomb816Q2sPha;Pop;Spanish
Los Huracanes;Tarta de merengue;1967;0fUZ7TRnIYCW1p2PbTiY7a;Pop;Spanish
Los Javaloyas;Buenas vibraciones;1967;5LAu5fZ3FmGQQjdX2z7dQg;Pop;Spanish
Los Mustang;Catedral de Winchester;1967;6jg6AS6uurlsOU8qCGsVdw;Rock;Spanish
Los Mustang;La ayuda de la amistad;1967;6hAAwbyr33Q86chfG7Pokq;Rock;Spanish
Los Mustang;San Francisco;1967;1xq6mxVUVox2h6edFyIoEm;Rock;Spanish
Los Pasos;Ayer tuve un sueño;1967;7a7O20gEw2EjGUbUS0ksjh;Pop;Spanish
Los Pasos;No me gusta decir sí;1967;1PqbVI0YIyijsXkjP59fVW;Pop;Spanish
Los Pasos;Ojo por ojo;1967;7sL8UPoJ2bnCyKPu5BrmzK;Pop;Spanish
Los Pekenikes;Embustero y bailarín;1967;7d63TqMCl10r3uPwHE0xM8;Rock;Instrumental
Los Pekenikes;Lady Pepa;1967;3Yxzfjrlpj564pwMzxE5Z4;Rock;Instrumental
Los Relámpagos;El baile del bufón;1967;0sIdzSDodm9yqJjOUjB6W3;Rock;Instrumental
Los Relámpagos;Sevilla;1967;7Lz0i1h03brAN3ZBGuS5u3;Rock;Instrumental
Los Roberts;El saltamontes;1967;1oh321YUyX2FAPvQpXF2ht;Rock;Spanish
Los Salvajes;Las ovejitas;1967;3P7Six19JRmQ97o8KdMYXq;Rock;Spanish
Los Salvajes;Mi bigote;1967;5PAHWO67XYRN047zHJtyYn;Rock;Spanish
Los Sirex;Acto de fuerza;1967;0aDWItaQyrb9qWtP3RFKy3;Rock;Spanish
Los Sirex;Brindis;1967;25xT149Bzq49haOGVkWN6N;Rock;Spanish
Los Stop;Casi nada;1967;65xlFMayYXf9GtaRjqyuw6;Pop;Spanish
Los Stop;Molino al viento;1967;4i2brJivMjGPu7OAH5eZEo;Pop;Spanish
Los Tamara;A Santiago voy;1967;3VoIj7xXGvGD1oLRWqVvRA;Pop;Spanish
Los Watts;Llegaste tarde;1967;178972VTu99ye9tJVNxhsJ;Rock;Spanish
Los Wikingos;El viernes de mi recuerdo;1967;38fxXin5bcvCZVeEt6uvHk;Rock;Spanish
Los Wikingos;La loca;1967;5YcBkHjmfQ3CJYd4mEzAVx;Rock;Spanish
Los Zooms;La droga;1967;2sndCdYqEB6fKRuTKCfuqb;Rock;Spanish
Manolo Díaz;Bibi;1967;1AKFvYsWonnALh6c5bKX3b;Pop;Spanish
Manolo Pelayo;Algo me incita a volver;1967;2Rxt5jhN0lrQ1qSuwg29ao;Pop;Spanish
Mari Trini;El alma no venderé;1967;0IjZGrMuyJ3oyMKPpMgWaq;Pop;Spanish
María Ostiz;No sabes como sufrí;1967;7eX20ho2ba8yNxKQAaddFM;Singer/Songwriter;Spanish
Massiel;Rosas en el mar;1967;1CzxmV2RMlY7RoYN6Jd85S;Pop;Spanish
Micky y los Tonys;No llores más por mí;1967;6WdgcFTlor5yaDmCu8b0MX;Pop;Spanish
Micky y los Tonys;No se puede ser vago;1967;5ibyBbU0Nac9X7LJKWmxi3;Pop;Spanish
Miguel Ríos;Dónde;1967;4OYOndzBbcjxfM3UPKmOIF;Rock;Spanish
New Vaudeville Band;Winchester Cathedral;1967;3Q51jQuzjEDMTyFX4pT2dK;Rock;English
Pop-Tops;Viento de otoño;1967;4mXhqr5w3XfJYbf4KK1729;Pop;Spanish
Procol Harum;A Whiter Shade Of Pale;1967;3qitymULqEibr7yknRMKU4;Rock;English
Raphael;Al ponerse el sol;1967;1UpaOTzLWVewbRVu7ExMu2;Pop;Spanish
Raphael;Digan lo que digan;1967;2qJLO12JUdrl2ljCUDJIp2;Pop;Spanish
Raphael;Hablemos Del Amor;1967;1uG9IM78KZTIEBzcWEd2E8;Pop;Spanish
Richard Anthony;Aranjuez, mon amour;1967;1odn1TPH5xgKxLysktVGFB;Chanson;French
Sandie Shaw;Puppet On A String;1967;0Dt4JW2Yi5HnROfTZSmlDr;Pop;English
Scott McKenzie;San Francisco (Be sure to wear flowers in your hair);1967;66ujRcQB3xjilVohGyvTKM;Rock;English
The Beach Boys;Good Vibrations;1967;5t9KYe0Fhd5cW6UYT4qP8f;Rock;English
The Beatles;All you need is love;1967;3xMSaDC9TU6AQJIsxQB7MK;Pop;English
Almas Humildes;Cuervos;1968;7BLojgnOElwfx9wERKN3zL;Pop;Spanish
Almas Humildes;La gacela;1968;4zIwpi7HLASnmlsvhHPBY0;Pop;Spanish
Bruno Lomas;El día;1968;35ttgHicxCM64NjrGHR2Zd;Rock;Spanish
Bruno Lomas;La mantilla;1968;13OvbcPIjBkT50K810sTXw;Pop;Spanish
Los Canarios;Child;1968;2r8aQNHjQQ7ykkdTZWzz3R;Rock;English
Los Canarios;Get on your knees;1968;05EWd987JwAidavzN7ZRyc;Rock;English
Cliff Richard;Congratulations;1968;2qs5ZcLByNTctJKbhAZ9JE;Pop;English
Els 5 Xics;La otra tarde;1968;4030zooFJT2pY2RqVTQLs2;Pop;Spanish
Ismael;Últimas noticias;1968;17OGAYdPvrdhQh7UadjR5d;Chanson;Spanish
Joan Manuel Serrat;El Testament D'Amelia;1968;6h1rkkHTMYITigppAWnVjG;Singer/Songwriter;Catalan
Joan Manuel Serrat;El titiritero;1968;11pS3JGC6xIizOkVFmLP1i;Singer/Songwriter;Spanish
Joan Manuel Serrat;Manuel;1968;0mLDAqf7MLbRUS1Rff5K7Q;Singer/Songwriter;Spanish
Joan Manuel Serrat;Paraules D'Amor;1968;2CzXJpFBlOg0DMP3LWa09y;Singer/Songwriter;Catalan
José Guardiola;Veniu a Barcelona;1968;1ByL0st8TWg1PtckU7jpNA;Pop;Catalan
Juan y Junior;Anduriña;1968;5Yyfn55vZBQlC2j1GuYWIM;Pop;Spanish
Juan y Junior;Tiempo de amor;1968;12mAIwrMJb60MiUoTO3KT6;Pop;Spanish
Karina;La fiesta;1968;1oP1JpAwl3C4gfUCQ9js5H;Pop;Spanish
Lone Star;El cant dels ocells;1968;1KiqkFWnbkJHP6w1RsgXRj;Rock;Instrumental
Lone Star;Lucille;1968;5V62OV2k6dbfuRPbNaBCLR;Rock;Spanish
Lone Star;Mi calle;1968;1UT2BVqgOz3IlxNMcwMHub;Rock;Spanish
Los Ángeles;Créeme;1968;3fY3qskfxp1I0181XhFqUV;Pop;Spanish
Los Ángeles;Dime, dime;1968;6kkcVOqwv1ZNoWQkmSFqua;Pop;Spanish
Los Ángeles;Mañana, mañana;1968;1Au0Fc3BXEuQxttglTyA3p;Pop;Spanish
Los Beta;Hoy soy feliz;1968;1X4TeM7tKE9aQ9mY1JvZK2;Pop;Spanish
Los Bravos;Just holding on;1968;4SLOvvoqPV6RgiqyKeY0Vb;Rock;English
Los Brincos;Amiga mía;1968;3MO4AwBJW00T9vlW7wDg3i;Pop;Spanish
Los Catinos;La balada de Bonnie and Clyde;1968;2ajiI8CV5jFqtg5XEXAPDt;Pop;Spanish
Los Dixies;Black cat;1968;6KaiZG2SZACAbbknzW3dNm;Rock;Instrumental
Los Gemelos del Sur;El comino;1968;69tgo71nfuqU4mHF50iFOg;Pop;Spanish
Los Gritos;Cuidado con las señoras;1968;4Vft0EdZdrC2C1b04tZ9xz;Rock;Spanish
Los Gritos;La vida sigue igual;1968;668mqWYl0JA6TnPziduqiC;Rock;Spanish
Los Íberos;Las tres de la noche;1968;1extUrpiUeL1itf3rNNt3m;Pop;Spanish
Los Íberos;Summertime girl;1968;3c2Z4rxnkusMjtNHsXM1ns;Pop;English
Los Mitos;Cantemos así (Aleluya);1968;5QzcoDbA0jsWd7nLVWYxiO;Pop;Spanish
Los Mitos;Cuando vuelvas;1968;31WAMXxPT7WQHQtc4KLpnt;Pop;Spanish
Los Mustang;El globo rojo;1968;2o0HpjS4bzImvJ75hyWXNv;Pop;Spanish
Los Mustang;Hey Jude;1968;1xq6mxVUVox2h6edFyIoEm;Pop;Spanish
Los Mustang;La leyenda de Xanadu;1968;3kXHPNt8svCphrXRO3zNZp;Pop;Spanish
Los Pasos;Lluvia en la estación;1968;4TxfulK3CMF0bQ3ihgCJM9;Rock;Spanish
Los Pasos;Primavera en la ciudad;1968;2HOBgfMqt77iLTe7wIF9yC;Pop;Spanish
Los Pasos;Voces de otros mundos;1968;36QCFcFP4rLnSC1SbGcNRa;Rock;Spanish
Los Payos;Adiós Angelina;1968;5Thkahocrh5ZyqgcZzNCRA;Rumba;Spanish
Los Pekenikes;Cerca de las estrellas;1968;418HvIfcob7bnrIGu4K4WN;Rock;Spanish
Los Pekenikes;Nostalgia;1968;1XeI6o29pTNDHVTn2rQmwu;Rock;Spanish
Los Relámpagos;Granada;1968;41HRvfjiioe42GeH4PshzU;Rock;Instrumental
Los Rockeros;Viejos caminos;1968;5STJIvoRDmKyFCsO97RFLi;Rock;Spanish
Los Salvajes;Los platillos volantes;1968;4boVO402y7aWiD82PwOlil;Rock;Spanish
Los Salvajes;Vuelve baby;1968;5WU1GxhE3pUrgnTRHv1c2F;Rock;Spanish
Los Sirex;¡Fuego!;1968;0zs4RIf8j5VQD6DgwDnBg6;Rock;Spanish
Los Stop;Pata, pata;1968;5D3pqjHp51Q0egqtC7AG3E;Pop;Spanish
Los Z-66;Morning dew;1968;46oa5lGjsshvlX51Ht0deq;Rock;English
Los Z-66;Noches de blanco satén;1968;7xMsLPKM34s2QpbOY0m2oh;Pop;Spanish
Los Zooms;Algo más;1968;27ot8lUYAajoDGaYSYt4EJ;Pop;Spanish
María Ostiz;Aleluya del silencio;1968;0iA9eAEkmcIttmy3aRwu96;Singer/Songwriter;Spanish
María Ostiz;Canto al sol;1968;3uKclLk1nZJ7A4oaSP4qgm;Singer/Songwriter;Spanish
María Ostiz;Mi amiga Catalina;1968;5TqfbC2xipqYcbvNdRijNa;Singer/Songwriter;Spanish
María Ostiz;Por tu libertad;1968;5w2kh1VtBjAV3VRylRQ2Sq;Singer/Songwriter;Spanish
Maria Pilar;El cel va ennuvolar-se;1968;4ES5Hbd5eBVeYURcIBHNBC;Singer/Songwriter;Catalan
Mary Hopkin;Those Were The Days;1968;6NmdCdQGOBVxVLIIJdPw3z;Pop;English
Massiel;Deja la flor;1968;6lb6lh8xhgu7r06YlccFv8;Pop;Spanish
Massiel;La, la, la;1968;1ApXNkjfjxkSDoezO8Kh8g;Pop;Spanish
Massiel;Turn of wheel;1968;7zKW7XdaCp56cewr67STKE;Pop;English
Micky y los Tonys;La niña del sol;1968;4FkOkqNooP9Ti9vsvG5yMR;Pop;Spanish
Miguel Ríos;El río;1968;21W8a3ihSeIcRjOPn1Lz5F;Pop;Spanish
Mike And The Runaways;Um, um, um, um, um, um;1968;5Alr2PFcYEMxhBi8oLNZKj;Rock;English
Miriam Makeba;Pata Pata;1968;6rFHmnI9Vd2zUasDXuw59j;Pop;English
Nuestro Pequeño Mundo;Sinner man;1968;5rsigIWf2niUELf0jM2YOC;Folk;English
Nuestro Pequeño Mundo;The drunken sailor;1968;3xgVwpD0CrMqJCje0OZ8qs;Folk;English
Pau i Jordi;El rei de Xauxa;1968;27kso2iDNqnNuzrrHebg4C;Singer/Songwriter;Catalan
Pau i Jordi;En Pere Gallerí;1968;2JGdndwpjDKDiSjufGSeyC;Singer/Songwriter;Catalan
Pop-Tops;Oh Lord, why Lord;1968;2cqRrrB9e9HPsc4R2ML0M4;Pop;English
The Bar-Kays;Soul Finger;1968;085diW9d1iWe9qeNQiDYOw;Soul;Instrumental
The Beatles;Hello, goodbye;1968;7c76SiAfT7JkMiCm8BBCcP;Pop;English
The Beatles;Hey, Jude;1968;0eY0YgyLAZ4gtM57wwYN7H;Pop;English
The Brisks;Stone free;1968;46q31VNy9n5Dtx7ckJJxw7;Rock;English
Tom Jones;Delilah;1968;5eiuzABXvaa64Inj5FRqSo;Pop;English
Tom Jones;I´m coming home;1968;3ovXYnI9meevwPKSi9M2X6;Pop;English
Tony Ronald;Summertime;1968;2fPAcd91N8WsZ1ENZTeVhg;Pop;English
Albert Band;Algún dia, alguna vez;1969;0VUyZ3a2vVxiJ8iZsU5mB6;Rock;Spanish
Almas Humildes;El sol brillará en invierno;1969;7eXjaS70Adv6T2MLZQ8ocW;Rock;English
Andrés do Barro;O Tren;1969;4lg0XPbzx04pU1T5yvQHBg;Pop;Galician
Barry Ryan;Eloise;1969;6z9XVXX8AXxVunhocuLTMe;Pop;English
Bruno Lomas;No creas;1969;6amcvHX7O8b76qA4mq77Xi;Rock;Spanish
Cerebrum;Eagle's death;1969;5R8R8OPDQEiEVuF3aDYdet;Rock;English
Conexión;I will pray;1969;3LbVk6te3zX0E4RFRDCQjV;Soul;English
Conexión;Strong lover;1969;1Sr9eA3spNvl9ml7YUNj8p;Soul;English
Els 5 Xics;El árbol del pan;1969;0O0A47LSPtSeQdsFZ7M7gi;Rock;Spanish
Els 5 Xics;El funeral;1969;1KIhU42xNABAWBEuqNU0mk;Rock;Spanish
Elvis Presley;In The Ghetto;1969;7KWoeBqSdZHEloYKVxssfG;Pop;English
Fórmula V;Cuentame;1969;6buqYaAyimysMjE8yuiaXy;Pop;Spanish
Fórmula V;Busca un amor;1969;6wxejk76aQtObjOc8VENtE;Pop;Spanish
Georgie Dann;Casatschock;1969;2hTyVbnnwnIcopynYLtaJw;Pop;Spanish
Ismael;Creemos el hombre nuevo;1969;5w0QmQTDcgYqgXG5ZAoplp;Pop;Spanish
Joan Manuel Serrat;Com ho fa el vent;1969;1UnRlYQY1fyPrOqIKpLLfR;Singer/Songwriter;Catalan
Joan Manuel Serrat;De mica en mica;1969;0IBw5MrbPrgFxsSu22JiIx;Singer/Songwriter;Catalan
Joan Manuel Serrat;La Saeta;1969;5d6NoRmMBfFoNRjrWKIPBf;Singer/Songwriter;Spanish
Joan Manuel Serrat;Mare Lola;1969;5EO96DWMI7KRF1pcrEnk87;Singer/Songwriter;Catalan
Joan Manuel Serrat;Penélope;1969;2WcR4C24997JVMwlX5guPZ;Singer/Songwriter;Spanish
Joan Manuel Serrat;Tu nombre me sabe a yerba;1969;3z3DtBS12kXOwaWDlYhh6i;Singer/Songwriter;Spanish
Juan Pardo;La charanga;1969;0vt6iNb4rh9xAjiXeedsOt;Pop;Spanish
Julián Granados;Lupita;1969;52IIHCQ2gu9NepXyCHzV5Z;Pop;Spanish
Karina;El baul de los recuerdos;1969;57lkBOczpwUCJIvuO92iuX;Pop;Spanish
Karina;Regresarás;1969;584XHblBYJTw6TGsiXmBLG;Pop;Spanish
Lone Star;Es mi vida;1969;1Qb1i2TuuYnfMbwGK2AMDY;Rock;Spanish
Lone Star;La trilogía;1969;6GafjcVvxsLvKOv1kCKFTR;Rock;Spanish
Los Ángeles;Lo mucho que te quiero;1969;0mallpkdmLRSX3gGbuNgyf;Pop;Spanish
Los Ángeles;Momentos;1969;6ZUqqfSXMZGWNpAEfiD46Z;Pop;Spanish
Los Buenos;Canción;1969;4iQqfv2NX4Cp1aZAZKyDP4;Rock;Spanish
Los Buenos;Hola, hi, hello;1969;43M04yDSmg0wGfeTc1opxN;Rock;Spanish
Los Buenos;Looking back;1969;2iniNzZkd5DSsMKqzhMkLE;Rock;English
Los Comodines;Lo tienes que adivinar;1969;3y05LPVeqpJuEw3PV9YA9N;Pop;Spanish
Los Gatos Negros;From me to you;1969;1qDOVSbN90LnjRD7wcEFTa;Rock;English
Los Gritos;Veo visiones;1969;1ATxVaWSrjbuUS4qF2ugTt;Pop;Spanish
Los Huracanes;Algo por nada;1969;4U2O5iaNL3wvLyHTSMDWuB;Rock;Spanish
Los Íberos;Liar, liar;1969;3HwE7id81cgxIdlgN8H5Me;Rock;English
Los Íberos;Nightime;1969;6n3Zfeiox85aywoW8lVIMs;Rock;English
Los Mitos;Es muy fácil;1969;1PLpBjc6K4STj6ReNqcxNo;Pop;Spanish
Los Mitos;Me conformo;1969;6lQrb69aJDWSGoFqWYFANI;Pop;Spanish
Los Mitos;Si Te Acuerdas de Mí;1969;4suljEYxnXF7IyMu1E1pQS;Pop;Spanish
Los Mustang;Loretta, Loretta;1969;2JbiFyUkTWVq8Z48qcnywF;Pop;Spanish
Los Mustang;Obladi Oblada;1969;6XrkmmBra8iqL3iGnKUfYw;Pop;Spanish
Los Payos;Maria Isabel;1969;6aBDDcBeVkJCu3PU5q4Lor;Pop;Spanish
Los Relámpagos;Anibal;1969;2Mx7OAKPJYUgKQEYYrPLZa;Rock;Instrumental
Los Roberts;No podré olvidarte;1969;7IzhNNPcee5GBwmGef3g65;Rock;Spanish
Los Tamara;Puerto de Compostela;1969;7GoqJ7X6eH5u4biCnNKCC5;Pop;Spanish
Los Z-66;Carrera del diablo;1969;5gPJtYzHJOXQ9gfmHDiu4I;Rock;Spanish
Manolo Díaz;La juventud tiene razón;1969;2fvcMMxCHp2P2vzJXsbPrK;Singer/Songwriter;Spanish
Máquina!;Earth's daughter;1969;46y6lExH14MSS8anIRugsP;Rock;English
Máquina!;Lands of perfection;1969;03xwjEzhyJCegXVxrzlMNM;Rock;English
Mari Trini;Historia de un Amor;1969;1nMBI3dMRXDoMd4Xl5YLXc;Bolero;Spanish
María Ostiz;N'a veiriña do mar;1969;7xkNppQgmGG45McnnMytoy;Singer/Songwriter;Galician
Micky y los Tonys;Sueños, piedras y amor;1969;4dNXh1TNbmpi7WLeZgsh4M;Rock;English
Miguel Ríos;Contra el cristal;1969;7gaaei0f7RDU49O9ka9sBY;Pop;Spanish
Miguel Ríos;Himno a la Alegría;1969;6zDfgLUikt3tVOywhB3mvY;Pop;Spanish
Miguel Ríos;Yo solo soy un hombre;1969;5l2JnFI9gWZo8iGqmdzLwx;Pop;Spanish
Módulos;Todo tiene su fin;1969;250f2jsw2YCdYIZ1HyzExJ;Pop;Spanish
Módulos;Ya no me quieres;1969;0H4meDAAOAnF0q11Y1RTbK;Pop;Spanish
Raphael;Mi gran noche;1969;3cU7TRRcphb5iziZ7t5X5A;Pop;Spanish
Salome;Vivo Cantando;1969;059G9tpE3kl6wz3kiddaN0;Pop;Spanish
Taranto's;El Séneca (Made in Spain);1969;6havW4SiNjqtGj8Ujv4Ozo;Canción ligera;Instrumental
The Archies;Sugar Sugar;1969;3iSws76HjaU7k49EqJVTfF;Pop;English
The Beatles;Get Back;1969;3JzL2n8ofVRV6pZXAMGQ93;Rock;English
The Beatles;The Ballad Of John And Yoko;1969;69zeDbyVmHDSH4GKZD1fv5;Rock;English
Tony Ronald;Take a letter Maria;1969;7dOherIB5FOAgpWfJhkHUK;Pop;English
Zager & Evans;In The Year 2525;1969;5UVsbUV0Kh033cqsZ5sLQi;Rock;English
Karina;Las flechas del amor;1969;5OUUjcCjgt6RU8oM10raCz;Pop;Spanish
Adolfo Celdrán;Bella ciao;1970;0j4m3ElDJfJ2TGDs1ODDOn;Singer/Songwriter;Spanish
Alacrán;Sticky;1970;1dLdsnNLSTEVEqABlvNaHj;Rock;English
Alicia y Nubes Grises;Hombre y mujer;1970;5hLHvlVpbXR2eZhwLva1n3;Pop;Spanish
Los Canarios;Free yourself;1970;7p5qOi8c4ouxVWK71u8KON;Rock;English
Christie;Yellow River;1970;4VnzKUBMB6cvog8Jvv1few;Rock;English
Conexión;Un mundo sin amor;1970;3B12VdpBs2vK9HKzsVkvzC;Pop;Spanish
Fórmula V;Tras de ti;1970;6GiTaLBfkrhA3zynPpqJZk;Pop;Spanish
Joan Manuel Serrat;... De Carton Piedra;1970;2c5JCtbmsFDc2KU6cjX0Zu;Singer/Songwriter;Spanish
Joan Manuel Serrat;Como un gorrión;1970;28SL8Lq1FyKYHllXaSxQPs;Singer/Songwriter;Spanish
Joan Manuel Serrat;Conillet de Vellut;1970;78yECvrHmGmhu2JPLtEa3J;Singer/Songwriter;Catalan
Joan Manuel Serrat;Quasi una dona;1970;5MZz1u0iJvLFcY7s2lvm29;Singer/Songwriter;Catalan
Joan Manuel Serrat;Señora;1970;1EMgRi3i5fDPqpBJXRnEpG;Singer/Songwriter;Spanish
Juan Ignacio y Pat;El cóndor pasa;1970;24jmKFUqmYtXsFMPmgHsz5;Pop;Spanish
Juan Pardo;Mendigo de amor;1970;7r9aQj3iIMf4aemaceTBMU;Pop;Spanish
Julián Granados;No te vayas;1970;0x9nmFFj9MqWzoii47e2so;Pop;Spanish
Julio Iglesias;Gwendolyne;1970;5lOCkGJeSqXM3zK6vCmmhK;Pop;Spanish
Junior;El tren de las penas mías;1970;4of8Mi1tKTGsd3dXiVTS2m;Pop;Spanish
Karina;Colores;1970;7C0YbzFCiEdoe31CWIVgC6;Pop;Spanish
Karina;Tú y yo;1970;3dGslO2Ha34LfsxSGIKu5y;Pop;Spanish
Lluis Llach;L'estaca;1970;6V6p3kX685TlL51aeSgzpa;Singer/Songwriter;Catalan
Lone Star;Lyla;1970;7aHrrXN9eKXUnHdrFEEVKW;Rock;Spanish
Lone Star;Quiero besar otra vez tus labios;1970;4Lt2e1kkELcyeHBm5xc0dR;Rock;Spanish
Los Ángeles;Mónica;1970;3lCpz3jj96TJDHwncP4UhU;Pop;Spanish
Los Bravos;People talking around;1970;2kgsWya1kLkikvobMdqKzp;Rock;English
Los Brincos;Mundo, Demonio y Carne / World, Evil and Body;1970;1JBem9yNvvGHwEb5N0LdNs;Rock;English
Los Diablos;Un Rayo De Sol;1970;0bi1fp0S8YDaTGajzrBvRQ;Pop;Spanish
Los Gemelos del Sur;Igual que yo;1970;6cUQcdFuyRfZmIk51zDtxp;Pop;Spanish
Los Gritos;Yo en mi casa y ella en el bar;1970;0YWioUNt1xv5zZxG0uyfoc;Pop;Spanish
Los Íberos;Fantastic girl;1970;0ZebTxEfvlKfMrYWWZN0le;Pop;English
Los Íberos;Te alcanzaré;1970;77U8JpEEZdwYnZAxUSK60p;Pop;Spanish
Los Mustang;Mustang, reino prohibido en el Himalaya 1;1970;11KhyoBrSknkcKyvAIeNm1;Rock;Spanish
Los Mustang;Vivir en Bahía;1970;1BK27oarBzuyVPlgLPFkLV;Rock;Spanish
Los Pekenikes;Tren transoceánico a Bucaramanga;1970;734qR9ZEJq4nyXsVRx5JeA;Rock;Instrumental
Los Tamara;A Galicia;1970;5D3VcH3Bnk05mqDl5N0N9o;Pop;Spanish
Máquina!;I Believe;1970;2C7V2T1jtz9Hmjkznm5apK;Rock;Instrumental
Mari Trini;Cuando me acaricias;1970;1rtezmbBa1d0VmmslYsmCL;Pop;Spanish
Massiel;Sabes de qué tengo ganas;1970;1q8Z1qxZAosR1jrRoB6qD4;Ranchera;Spanish
Miguel Ríos;Como el viento;1970;47Oxl0MImlYrUWKJAJwQNb;Pop;Spanish
Miguel Ríos;Despierta;1970;49ZTWq3isVmhfEQlAaSFyG;Pop;Spanish
Mocedades;Oi pello pello;1970;49O7MOGBuewFdi3EDTK1aG;Folk;Basque
Módulos;Tú ya no estás;1970;4K6c9Zzx4pVURF0pO9vI9q;Rock;Spanish
Mungo Jerry;In the summertime;1970;3RNyGLgSvmVRZ7xKUp8Wgd;Rock;English
Música Dispersa;Cefalea;1970;2DTTNgle2zZnvuzz69PUSi;Rock;English
Nino Bravo;Puerta de amor;1970;0Us9FvY2DRtrIlqJudrtuB;Pop;Spanish
Nino Bravo;Te quiero, te quiero;1970;5ltBmvHslf7tplG5QfLmTt;Pop;Spanish
Nuestro Pequeño Mundo;Banana boat;1970;1skHMNqHN5fDr4kORH5YOQ;Folk;English
Nuestro Pequeño Mundo;Oleanna;1970;0NeXkvKgHDjdgOLab9kxXK;Folk;English
Pedro Ruy-Blas;A los que hirió el amor;1970;1bkVq4iwMgKsBOKLh8UCB2;Pop;Spanish
Simon & Garfunkel;El Condor Pasa;1970;1eN42Q7IWRzRBq8eW2Y2TE;Folk;English
Smash;Scouting;1970;5kdk1Z1xnlWBwWhatuHhcS;Rock;Instrumental
Tara  ;Happy;1970;5SuWpxabbbYjjXAp1xknbm;Pop;Spanish
Taranto's;Opus Pi;1970;6ZQ2HGGkHjkVFDrr2GFJPf;Rock;Instrumental
Victor Manuel;Paxarinos;1970;5F5BOVkrdtZ8yQdVngCJX6;Singer/Songwriter;Spanish
Victor Manuel;Quiero Abrazarte Tanto;1970;7plH2F89nIgODAHqA12ftS;Singer/Songwriter;Spanish
Aguaviva;Me queda la palabra;1971;0bNC1AuAeMuQqey3vMHUTE;Folk;Spanish
Andrés do Barro;Meu amor;1971;2L9G0OvtMlT2d2mgdvHGyo;Rock;Galician
Andrés do Barro;San Antón;1971;3SVUnnSH7lrqTpJglPzSuA;Rock;Galician
Blume;En mis sueños;1971;1v2UGbBJtOYqDky7DUwZlN;Rock;Spanish
Camilo Sesto;Amor, amar;1971;7q4mEwUErCsYFXy6AwTHSU;Pop;Spanish
Dawn;Candida;1971;0wwnl3KUmxcvQE2dK13xQU;Pop;English
George Harrison;My Sweet Lord;1971;1chu8wc9zbNqTQ2ahROys1;Rock;English
Jeanette;Soy rebelde;1971;5SPaaSuEC5ykb2EDj6Bgtl;Pop;Spanish
Joan Manuel Serrat;Mediterraneo;1971;7Bewui7KtaMzROeteRitRz;Singer/Songwriter;Spanish
Joan Manuel Serrat;Qué va a ser de ti;1971;1yhdRrgE0E8f4gs0wQKu60;Singer/Songwriter;Spanish
José Feliciano;Que será;1971;2b1ty0NOIDD964JK4n8cJe;Pop;Spanish
José y Manuel;Mi pequeña hermana;1971;1Ba4JRi2kRxQyr4zxzIi9y;Pop;Spanish
Juan Pardo;A Marián niña;1971;64TPqnryarB8YnXsxwYe0B;Pop;Spanish
Juan Pardo;Cuando te enamores;1971;4tGV2gooQfraaVTLefENj4;Pop;Spanish
Karina;El hijo de María;1971;5Wyjh9OpWDE2fylhIHKOUv;Pop;Spanish
Karina;En un mundo nuevo;1971;3S46JQujpHNreKgktdrDBK;Pop;Spanish
Karina;Yo te diré;1971;39Gj2ZC76fFqaDt50Iw1jT;Pop;Spanish
Leandro;El hombre del tanque rosa;1971;0XdXh7TbSytboNhUJnKuyI;Pop;Spanish
Lorenzo Santamaría;Rosy;1971;1XO0ZofaSpRysNgn5b2j7W;Pop;Spanish
Los Ángeles;Una vez juré;1971;3yNd2v4meSyoyXb7bzY9Ai;Pop;Spanish
Los Brincos;Más alegre;1971;47CxcN1r9vABiQviFBkBgF;Rock;Spanish
Los Brincos;Pareces gitana;1971;0kGUGdpYUdRw1P1g8ta009;Rock;Spanish
Los Diablos;Fin De Semana;1971;55AGzMDWD4ENRG2MRP7BAC;Pop;Spanish
Los Íberos;Angelina;1971;0U6BIw1V7NepNthqrPCXyY;Rock;Spanish
Los Panchos;La paloma;1971;6pSw72gfUTWNXaii0hGVRQ;Bolero;Spanish
Máquina!;Sun bring the summer;1971;3RI7QqguTQ95acjQyYkKrg;Rock;Instrumental
Mari Trini;Yo no soy esa;1971;5glmLWBDGlaHHjs9KOZH9d;Pop;Spanish
Middle of the road;Chirpy chirpy cheep cheep;1971;703RBHUEEi5c4o4YUXAM9Q;Pop;English
Miguel Ríos;El refugio;1971;6q7yMpRYB6Ynu34qtybahG;Pop;Spanish
Miguel Ríos;Here comes the sun;1971;3iI8AsFhB9xw1O7QWJK3Qk;Pop;Spanish
Módulos;Sólo tú;1971;0aB7LWa2csbgMCnHxQM7su;Rock;Spanish
Módulos;Un nuevo día;1971;6QyZEcLnKbKO4Ey5FNrEJc;Rock;Spanish
Om;No ho sap ningú;1971;5rUEvVWQJRlirC07uB1pmJ;Rock;Instrumental
Pan y Regaliz;Dead of love;1971;28z5hnxRD6t39lLISUtdnE;Rock;English
Pan y Regaliz;Waiting in the Monsters Garden;1971;7Az1zPbwBGUYlV1FfScaE6;Rock;English
Paul McCartney;Another Day;1971;4CKviU05bRYvMiRRpl4GbQ;Pop;English
Pop-Tops;Mamy blue;1971;63saqCaMhvhaNKb9kPKtKG;Rock;Spanish
Pop-Tops;Road to freedom;1971;5ofUMeuSwtMFHxxBnn5qF7;Rock;English
Smash;El garrotín;1971;0vi1LCyMhulllfyErMSvfI;Rock;English
Smash;We come to smash this time;1971;1c4w1BRwzDFDmNegYbbJxk;Rock;English
Smash;Well, you know;1971;77yWwuj2alDBtqCnTjpl7w;Rock;English
Tony Ronald;Help (get me some help);1971;6M1y1gCywRIiHBxXzIweR4;Pop;English
Alicia y Nubes Grises;L'emigrant;1972;1nxtYuaf12nFvtvbQhYB9H;Pop;Catalan
Andrés do Barro;Amor D.F.;1972;1LzQAZ0X43wJ6L6n7vAGTG;Rock;Galician
Barrabás;Wild safari;1972;0hlDiqc3QVR07JdhoA0XiC;Funk;English
Barrabás;Woman;1972;0UjbqQK07aPF3Cn086sALt;Funk;English
Bruno Lomas;Ven sin temor;1972;1GaBkvgCLMbynbBakLq24J;Pop;Spanish
Camilo Sesto;Algo De Mi;1972;1bDbdMiDaXpaDpqitYVriQ;Pop;Spanish
Cecilia;Dama Dama;1972;50tK3gc47HHVffxRehbRuC;Singer/Songwriter;Spanish
Cecilia;Fui;1972;6SHLWwOVpR0LDXbwvdAn5q;Singer/Songwriter;Spanish
Cecilia;Nada de nada;1972;5yef17EBsxUQAsIi8oxYTD;Singer/Songwriter;Spanish
Chicory Tip;Son Of My Father;1972;3Jwalo4hQy4AHqtnyGUoMk;Pop;English
Fusioon;Danza del molinero;1972;1wNa16bWFZcXgpDaRsK9lO;Rock;Instrumental
Fusioon;Farsa del Buen Vivir;1972;7dUd6AcDnRqWCop64Fe4mC;Rock;Spanish
Hilario Camacho;Los cuatro luceros;1972;7ydFTGgR1T8azH36YozgH8;Singer/Songwriter;Spanish
Ia-Batiste;Anna;1972;13rkK2hFe7fZ9apBibMlaD;Rock;Catalan
Jeanette;Estoy triste;1972;0Shy6CNCtziEUs98LLc07f;Pop;Spanish
Joan Manuel Serrat;El ball de la civada;1972;3axsIZ1n3wr4yYiytaJtDI;Singer/Songwriter;Catalan
Joan Manuel Serrat;Para la Libertad;1972;2MbBeecWBAEHAYEC37Gk6s;Singer/Songwriter;Spanish
José y Manuel;Descubrí el amor;1972;25axjc0Q2qb0wvPQRIqbgW;Pop;Spanish
Junior;Lady promise;1972;4vh8aJchZ8XQ7vW69w2QSp;Pop;English
Karina;En el amor;1972;5vxRgYXXaKrwS0rxpUzqED;Pop;Spanish
Lone Star;Gente joven;1972;3bmoISGUkJC7qOOs7ETTnc;Rock;Spanish
Lone Star;Máquina Infernal;1972;4CowrG3H6L1LjGqyc9pMr5;Rock;Spanish
Los Ángeles;Evolución;1972;3HUnaym2YiAAfZS0KQZ8oP;Pop;Spanish
Los Diablos;¡Oh, Oh, July!;1972;2hciJfmb4YvYfOyQZ0IeHR;Pop;Spanish
Los Íberos;Mañana;1972;7nwASQxqLhGUxeMvRirM9k;Rock;Spanish
Los Lobos;Ausencia;1972;3vTBSf15sy78GegX0CJpeF;Folk;Spanish
Los Puntos;Magdalena;1972;3PazldbgT0jnBrmEKXt5p5;Pop;Spanish
Los Tamara;De Santiago vengo;1972;4gdCLYcU0xO4DcOpNqfpHA;Pop;Spanish
Máquina!;Could That Time;1972;0wXu9PkhYAXMaXMJAKU8YA;Rock;English
Massiel;Canción de la Moldavia;1972;6ozkSSrR5fu4IzEE0YXRkO;Folk;Spanish
Micky;El Chico De La Armonica;1972;5NcU43RQ2FK6k6q4D3hqIZ;Pop;Spanish
Miguel Ríos;Cantares;1972;4DRNqpmdZOe6V3ntBC9sEi;Rock;Spanish
Miguel Ríos;Vuelvo a Granada;1972;7HOP3SpTKhKIGzaN7w94NC;Rock;Spanish
Módulos;No quiero pensar en ese amor;1972;5rFLH1jdAMtQ6C1kx1cxC5;Pop;Spanish
Nino Bravo;Noelia;1972;7xk7VDMvaw7wKrrqnQWwtq;Pop;Spanish
Nino Bravo;Libre;1972;2zC0ObgALavrI8pg23ggPR;Pop;Spanish
Nino Bravo;Un beso y una flor;1972;2o2wbShVBEl7yCqizXEGUN;Pop;Spanish
Rachel;Vuelvo a mi pueblo;1972;5nNg9HA34Xal4P4OUUZCQC;Pop;Spanish
Redbone;The witch queen of New Orleans;1972;6yXcmVKGjFofPWvW9ustQX;Rock;English
Tony Christie;(Is This The Way To) Amarillo;1972;3FJ3wfXtlXhY4a11OnwXHf;Pop;English
Tony Landa;Una sencilla canción de amor;1972;64H5mogtL4KNYyDDWKucHV;Pop;Spanish
Albert Hammond;It Never Rains In Southern California;1973;6tunhVGD8C05MZNjSVIsjw;Pop;English
Ana María Drack;Dime que no es verdad;1973;6w7u8wus8aL2w0u198fsjl;Pop;Spanish
Andrés do Barro;Me estoy volviendo loco;1973;1GxceJJE8fx5tYB3kcmEiz;Pop;Spanish
Andrés do Barro;Si vienes a San Simón;1973;0Pla6S8dvLboY0rJQ6kpnx;Pop;Spanish
Arena Caliente;Nenita despreocupada;1973;4xmsxdC42xfi0Jk2mTeeCe;Pop;Spanish
Barrabás;Boogie rock;1973;1Mw6syNybKXohNz308wPrw;Rock;English
Barrabás;Casanova;1973;2dkUH3ZjUnMP6gRA8fs7DJ;Rock;English
Barrabás;Time to love;1973;57RKJbBONNXAeyUmsT2cqW;Rock;English
Bruno Lomas;Be bop-a-lula;1973;37QYrxup1fP8AP52yEJBXb;Rock;Spanish
Camilo Sesto;Algo Mas;1973;5UH9Nzv4AxSEmzcCOxpOzn;Pop;Spanish
Camilo Sesto;Amor… Amar;1973;7q4mEwUErCsYFXy6AwTHSU;Pop;Spanish
Camilo Sesto;Callados;1973;10k3RAOXYP96FY4oyp1aQ4;Pop;Spanish
Cecilia;Andar;1973;7w89hhEmFSahhsam99G8nH;Singer/Songwriter;Spanish
Cecilia;Canción de amor;1973;3VMyfsXFAZ4UxzmAGRxJHL;Singer/Songwriter;Spanish
Cecilia;Mi ciudad;1973;3A4gkeoGW7rJsXJ13q5R2f;Singer/Songwriter;Spanish
Demis Roussos;Goodbye my love, goodbye;1973;5KjELa7f5djcNdBMre4Hfo;Pop;English
Demis Roussos;Velvet mornings;1973;1JfL5XTo9bIeqiY8lG4hUb;Pop;English
Emilio José;Soledad;1973;5LoMW3f0EIkWLkB2SQObSA;Pop;Spanish
Fórmula V;Eva Maria;1973;74ddotyiQqxfeeeVRdVpPk;Pop;Spanish
Joan Manuel Serrat;Pare;1973;1IeG05SZZIy7NUf1UwQRAk;Singer/Songwriter;Catalan
Juan Pardo;María Magdalena;1973;1l5scYSUC7eQCLeUuIb4UZ;Pop;Spanish
Junior;Perdóname;1973;1FB8EFPnIe4HSkl8RxPI98;Pop;Spanish
Las Grecas;Te estoy amando locamente;1973;5QfmCmdL4qnzqMz5Z0gvzV;Pop;Spanish
Lone Star;Canta conmigo rock and roll;1973;3prKtJWwLZp47Q99RqDbb9;Rock;Spanish
Lone Star;It's saturday night;1973;5tyX5AyNrvXWpP0v0aAXh7;Rock;English
Los Ángeles;Agua fresca;1973;5bOnwemSXW72ogODyVcLAc;Pop;Spanish
Los Ángeles;Vente conmigo;1973;6p46nUc50wxsWorRyaskWg;Pop;Spanish
Los Mustang;El hombre estrella;1973;27JbNeY5DlrXyds79gO55A;Pop;Spanish
Los Pekenikes;Olé Alí;1973;1sw7woGLomAFnz32rnpea0;Pop;Instrumental
Los Puntos;Ana, vuelve a casa;1973;3R0guuJ6q8ChZv3yw9hbYW;Pop;Spanish
Los Puntos;Cuando salga la luna;1973;7u1cu8PRCH92jcV8p7ynHv;Pop;Spanish
Los Puntos;Goodbye;1973;11u4X72pAchu9Bi9XEHXsx;Pop;Spanish
Lynsey De Paul;Sugar Me;1973;3YyRYbYOpR3LrPUL1B41Mx;Pop;English
Manolo Escobar;Y viva España;1973;4Q2vhlUXoWWzZQeKn7OreC;Pop;Spanish
Mari Trini;No;1973;5glmLWBDGlaHHjs9KOZH9d;Pop;Spanish
Massiel;Corriendo, corriendo;1973;0fRSDWi0hMfJgQeNYYXwKo;Pop;Spanish
Miguel Ríos;Por si necesitas;1973;1jTU9NS4M935ngtFFOH5k5;Pop;Spanish
Mocedades;Eres Tu;1973;7bA0d6jzxTTWIBE8o7n41k;Pop;Spanish
Nino Bravo;América, América;1973;6A8Ey8qoxERmXfHJlYy1of;Pop;Spanish
Nino Bravo;Vuelve;1973;7iHvtubow2aU2aq5v8i46Z;Pop;Spanish
Nuestro Pequeño Mundo;Los campanilleros;1973;5pemG2WojiUrmnkp5cN5UP;Folk;Spanish
Nuestro Pequeño Mundo;Mulher rendeira;1973;6balXvaShBuoS63bn8ACVO;Folk;Portuguese
Paco de Lucía;Entre Dos Aguas;1973;3Fgk17TfdjXWFroJy29pXH;Flamenco;Instrumental
Raphael;Le llaman Jesús;1973;2zjKXo9wVvdTheNrmcyeuY;Pop;Spanish
Roberto Carlos;El gato que esta triste y azul;1973;0X1XgxtHG9hULAw296CCgz;Pop;Spanish
Santabárbara;Charly;1973;5UQkeBzkvJXq2fMae4Qpcp;Pop;Spanish
Santabárbara;Recuerdo de mi niñez;1973;7gxjJ3BjrjERRyaA3prgjD;Pop;Spanish
Solera;Noche tras noche;1973;2Z7hwnpqN3ahmXML6lUdoY;Pop;Spanish
Suzi Quatro;Can The Can;1973;6K0kK40E7PA2i9LsGmVCfK;Rock;English
Vino Tinto;Pueblos, hombres;1973;2UYHnFR65axRn90SxdxwPm;Folk;Spanish
Wings;Hi, Hi, Hi;1973;089iEPKibRcnmJEGlC9Xsu;Rock;English
Barrabás;Hi Jack;1974;2r4r5xpCQwcncpGvgpu754;Funk;English
Camilo Sesto;¿Quieres Ser Mi Amante?;1974;1Y7q2zwCBjt9zgIHZ0Ku7J;Pop;Spanish
Camilo Sesto;Ayudadme;1974;4RDEeNEdZBmDst0JRSbcCY;Pop;Spanish
Cánovas, Rodrigo, Adolfo y Guzmán;Señora azul;1974;1LXgrJqOEyLFTEsEjjfLMF;Pop;Spanish
Cecilia;Un ramito de violetas;1974;6bEep0TL9On222hdpcsCcH;Singer/Songwriter;Spanish
Conexión;As the universe;1974;059w4ivVOtgHV6KpI5NZqZ;Rock;English
Demis Roussos;Someday somewhere;1974;6aWUyVVgf6TBX7dpv4kTXl;Chanson;English
George McCrae;Rock Your Baby;1974;1lmfsSEuxU4PpT739Kihno;Disco;English
Jeanette;Porque te vas;1974;3CrUlXihoGLoyfWQbgcOBF;Pop;Spanish
Joan Manuel Serrat;Canción Infantil;1974;5XkbClBWKSFtlscY96hxh0;Singer/Songwriter;Spanish
Juan Bau;La Estrella De David;1974;5FA5mUgKgBMX2TJVz1KejN;Pop;Spanish
Juan Camacho;A Ti Mujer;1974;2NPeWgmD4yZuGZOfVTEgYE;Pop;Spanish
Juan Camacho;Llámame;1974;1dYOs10depm2whgZ6TrlHb;Pop;Spanish
Juan Camacho;Mía;1974;4FyPGS47j9Po9wXLnMXr1k;Pop;Spanish
Junior;Oscuridad;1974;4MDnkVlXTtMHalSppIDL4K;Pop;Spanish
Karina;Luna blanca;1974;0ki0kKAZ108ipy0pi8D2vs;Pop;Spanish
Karina;Oh, Carol!;1974;1mHIi1crNYWMC88PJ4h7JZ;Pop;Spanish
Karina;Un niño;1974;7Ep0wQMFjNchxfZ4BQCFyJ;Pop;Spanish
Laredo;La Nina de Guatemala;1974;2a8yuC6En7996Rsv7msvEn;Folk;Spanish
Las Grecas;Orgullo;1974;0UdjNJcpqV0bRuc4BynAlY;Rock;Spanish
Lone Star;Pobre pescador;1974;4Q5BEmoIqF1rJkKGjVDswl;Pop;Spanish
Lorenzo Santamaría;Blue jeans;1974;3Yb58JVFqx0FWzYOcIPDSx;Rock;Spanish
Los Albas;A la orilla del mar;1974;2EtvUoUvRX2pwQMz0OXUSx;Pop;Spanish
Los Diablos;Acalorado;1974;7w9XCYCA5U74FHeP7kMcNQ;Pop;Spanish
Los Puntos;Llorando por Granada;1974;4ZpbOHbJhtZCQl5mghL1Ss;Pop;Spanish
Los Tamara;As lanchas do xeito;1974;4exy10FSTkqcA7Ovxt3VCB;Pop;Galician
Manolo Otero;Todo El Tiempo Del Mundo;1974;49JcQoVffPBrTknlJWHUcA;Pop;Spanish
Mari Trini;Mi tercer amor;1974;4j6vJFcj86DWtQNk0TSzk1;Pop;Spanish
Miguel Gallardo;Recordando a Glenn;1974;6xUbZGM7aIv0say5FaTwYa;Rock;Spanish
Miguel Ríos;Memorias de un ser humano;1974;5xJSCNaECmYzg9v36akfdd;Pop;Spanish
Mocedades;Tomame O Dejame;1974;1ZJe2q23LXHnE79UjnJqyx;Pop;Spanish
Paul Anka;Let Me Get To Know You;1974;4mvZnMDlsR2dxSO6iQrSu9;Pop;English
Raphael;Van a nacer dos niños;1974;4QPZWwEjRCak6ys9yBXUSp;Pop;Spanish
Roberto Carlos;La Distancia;1974;6s2MrToqbAXQtEGWkWAeqP;Pop;Spanish
Santabárbara;Adiós amigo;1974;3pD2Ua2uymXy7IGbmVsX1r;Pop;Spanish
Santabárbara;Chiquilla;1974;7FR3UHgR2mhj0QNIG80yh1;Pop;Spanish
Sergio y Estíbaliz;Piel;1974;3kcTOlKuuIzCxgT9qlC7hJ;Pop;Spanish
Suzi Quatro;48 Crash;1974;5DPVU9xTKDC2CizYp5WXT2;Rock;English
The Love Unlimited Orchestra;Love’s Theme;1974;3qyCIRpbrHHkGfMsEdZJst;Disco;Instrumental
The Storm;I don't know;1974;2jAKjg602srNuW3UFHiXDl;Rock;Instrumental
Three Degrees;T.S.O.P. (The Sound Of Philadelphia);1974;0FLv2kZWyk7u7I4qP9fX0x;Disco;English
Víctor y Diego;La mujer de cristal;1974;1GWB8q8qGDogJBABIC1UWs;Folk;Spanish
Agamenón;Todos Ríen de Mí;1975;08xG3j90Lr9nawDEdSI1Tf;Rock;Spanish
Aguaviva;Dos cuchillos;1975;3vcfQVv5ydKkMx2q8VLuH4;Folk;Spanish
Aguaviva;Poetas andaluces Parte I;1975;61l9BfUUnFcrXFnC6smGBB;Folk;Spanish
Aguaviva;Pon tu cuerpo a tierra;1975;6pY8hNezsMcv6KwnDmwoY9;Folk;Spanish
Barrabás;Mellow blow;1975;2qFXDV55LEUma6XiDBaIGt;Disco;English
Barry White;You’re The First, The Last, My Everything;1975;1BF2Wsbz663oSr6nWBrtKu;Disco;English
Bimbo Jet;El Bimbo;1975;5K1fJewuOw6qRqEkKpoupc;Disco;Spanish
Camilo Sesto;Getsemani;1975;49Ved7nBuSy0wafl49g2f5;Pop;Spanish
Camilo Sesto;Jamás;1975;7DYzsOYHudZvCg6rWzbnMV;Pop;Spanish
Camilo Sesto;Melina;1975;3RhvIbIMHJqUarymFi2Ax3;Pop;Spanish
Cecilia;Amor de medianoche;1975;4eJMJzyG0ZUusN6fj8HJ4W;Singer/Songwriter;Spanish
Cecilia;Mi querida España;1975;0JhwFn7OYwckr2Uiuzf4y5;Singer/Songwriter;Spanish
Hilario Camacho;Cuerpo de ola;1975;6AsxSIpLXy0baP0yoBdO2m;Pop;Spanish
Iceberg;Tebas;1975;10tXa5DOncohugSDtZbfNB;Rock;Instrumental
Juan Camacho;Júrame;1975;0gwjDk6T4TTKycf7xyO8T0;Pop;Spanish
Junior;Si no te amase;1975;15fuUeh6MP5qzKJzvsJtVs;Pop;Spanish
Karina;La golondrina;1975;4ktbTWgeoMJXu4oT7tA5NX;Pop;Spanish
Las Grecas;Soy la que sufre por tu amor;1975;578kTUa7UNfREryxzqPmmi;Rumba;Spanish
Las Grecas;Yo no quiero pensar;1975;0RSWjZGgzxWL7jZtlAeF45;Rumba;Spanish
Lole y Manuel;Nuevo dia;1975;1Q8P79YxkEMswqE9WQI3xt;Flamenco;Spanish
Lolita;Amor, Amor;1975;6lGrDctccq26IsZ2MDTxZU;Pop;Spanish
Lone Star;El camino;1975;21tuFKg2xBjavqXczASEMB;Rock;Spanish
Lorenzo Santamaría;Para que no me olvides;1975;6mr8ePVLfE1Gs9VIqfSyDK;Pop;Spanish
Los Chorbos;Tendrás Una Nueva Ilusión;1975;52phlzRDaPMJiqFq4PBUwl;Rumba;Spanish
Los Chorbos;Vuelvo a Casa;1975;2UHZdhZt1p71hzCtJVb7tR;Rumba;Spanish
Los Puntos;Feria;1975;1RvT5ZB3wbrOgNjZku64Zh;Pop;Spanish
Los Tamara;Paloma blanca;1975;6gT78VMXYNfP9VcTpK0p6t;Pop;Spanish
Massiel;Lady veneno;1975;0ZNf37zmOGWyzlQ1xtGwFr;Pop;Spanish
Miguel Gallardo;Hoy tengo ganas de ti;1975;3xyr2ftM36QjKEpFAhZrGM;Pop;Spanish
Módulos;Perdido en mis recuerdos;1975;0h82ktSEWVq172VVcFVgA7;Rock;Spanish
Morris Albert;Feelings;1975;6OfAaE2skMyNtZtzhlpA5q;Chanson;English
Nuestro Pequeño Mundo;Andando;1975;0Bw0bHJktU7zxzJfYD2iSy;Folk;Spanish
Nuestro Pequeño Mundo;Campesinos tristes;1975;6h2jTxmQjFMLa2tDA3JVHe;Folk;Spanish
Paco de Lucía;Granainas;1975;7hSmUKNclQXuk5ptfy4KKP;Flamenco;Instrumental
Paloma San Basilio;Sombras;1975;7b5tvmFOd1QOuxh8Sn12UW;Pop;Spanish
Triana;Abre la puerta;1975;3XZD0qEHYoCTnQe9ps8HeQ;Rock;Spanish
Van McCoy;The Hustle;1975;75PHqzep3Lf11sIYP5ps5q;Disco;Instrumental
Víctor y Diego;A Vosotros;1975;0FJYmQIgSNdjJvoCrrfMNe;Folk;Spanish
Víctor y Diego;El parque;1975;6l5G9oc3KJQkkkKqOASXLQ;Folk;Spanish
Vino Tinto;Viejo capitán;1975;5UMuswhEZizRnpYjPDu1vE;Folk;Spanish
Adolfo Celdrán;Cancion del esposo soldado;1976;2nN2626zpdFxmZ2Q2enoOL;Folk;Spanish
Albert Hammond;Echame A Mi La Culpa;1976;01LHmbTALqwnoGWT3gZPYH;Folk;Spanish
Atila;Intención;1976;4c7XefNJKBF8vYkSxzCIc3;Rock;Instrumental
Barrabás;Desperately;1976;4lQxuVYHWmmTa9IcNE4N2S;Disco;English
Barrabás;Swinger;1976;306ONXJsUwmtbfeIwtO2Vh;Disco;English
Barrabás;Take It All;1976;7gSyLKLJqZ3zsq7v1FDUAt;Disco;English
Blay Tritono;Danza de Procesión;1976;0q4zLJDK8wI5L89sjHuT8U;Jazz;Instrumental
Brotherhood Of Man;Save Your Kisses For Me;1976;0E19RAvUkhjMM0rdICkidE;Pop;English
Granada;El calor que pasamos este verano (Por dónde andamos);1976;0QmCzKAt7neJlDQsS8drUE;Rock;Instrumental
Granada;Noviembre florido;1976;33XW5WExIBu6p4hROz5Wau;Rock;Instrumental
Iceberg;La flamenca eléctrica;1976;3SpyIpdHoIax6g9EmHOZx2;Rock;Instrumental
Iceberg;Preludi I Record;1976;29y3JEu8Xabov4zLy01Y8F;Rock;Instrumental
Jarcha;Libertad Sin Ira;1976;63ZPDjygXPMtqmpcoJUVk5;Folk;Spanish
La charanga del tio Honorio;Hay que lavalo;1976;2KFcC00kpKOcrka1ETYmP8;Pop;Spanish
Las Grecas;Anabalina;1976;5vOgVbKboeY8hSbRCdFrCM;Rumba;Spanish
Las Grecas;Ilusionada;1976;0vIl9pM3pIvUJ3Bppjd1Zl;Rumba;Spanish
Lole y Manuel;Tu mirá;1976;5RBUCbDoY0uWdgjLRdtbsq;Flamenco;Spanish
Lone Star;El rock de la cárcel;1976;23d5lYrrvHQIW5bFOJ55pw;Rock;Spanish
Lone Star;Old Man River;1976;3s7WEYchbHSn9XKEoj3fO5;Rock;Spanish
Lorenzo Santamaría;Si tú fueras mi mujer;1976;6VOBbbjmvnsfcMzwW5r3Kj;Pop;Spanish
Los Puntos;El sur;1976;4jZhB0Jdeho5YUIlv7exsb;Pop;Spanish
Los Puntos;Tierra cristiana;1976;23TajGr2QJAff48UMiywtY;Pop;Spanish
María Ostiz;Canta cigarra;1976;3ybgFSt4EE3pwTwIHOfLex;Singer/Songwriter;Spanish
Maya;Luna llena estival;1976;5m0AbT45Z0vsQjfPTtzoyw;Pop;Spanish
Miguel Gallardo;¿Y tú dónde estás?;1976;08HLqWnkt6KL7XFFEfaQpO;Pop;Spanish
Miguel Gallardo;Otro ocupa mi lugar;1976;2i7oFlgafYTgri8LvGueYt;Pop;Spanish
Miguel Ríos;Entre árboles y aviones;1976;27jW64dOkX09IU9FzNKhRH;Pop;Spanish
Miguel Ríos;La blanca oscuridad;1976;0Issq7Hqf0MOqePzWAdLIt;Pop;Spanish
Pablo Abraira;O Tu, O Nada;1976;0bSVjtueIZ2ErR2XV190Dk;Pop;Spanish
Paco de Lucía;Río Ancho;1976;66xDnNusBL5xRfT12jkGUy;Flamenco;Instrumental
Sandro Giacobbe;El Jardin Prohibido;1976;3xec1BelrzOd6v0o8HRd2l;Pop;Spanish
Santana;Europa (Earth´s cry, heaven´s smile);1976;5Yp3e8RcjYevBTZYJ7OD7s;Rock;Instrumental
Silver Convention;Fly, Robin, Fly;1976;4Wr14AISsCuBGdkA6rids4;Disco;English
Tony Landa;Adiós;1976;7ymEjt7SzFozacDA4pYR6V;Pop;Spanish
Azahar;¿Qué malo hay, señor juez?;1977;4t6Ug0GrEIanIJvKefZtr9;Rock;Spanish
Baccara;Sorry, I'm a lady;1977;7DCcFDKX4yKeFlgkphNXUV;Disco;English
Baccara;Yes sir, I can boogie;1977;76709jfVPvKWp7ChPQjCk7;Disco;English
Boney M;Daddy Cool;1977;3WMbD1OyfKuwWDWMNbPQ4g;Disco;English
Boney M;Ma Baker;1977;4wr2LEc4Inxv0M1Fch9uVj;Disco;English
Camilo Sesto;Y... no;1977;5bfhOIXyFNgpDRYbOly656;Pop;Spanish
Chicago;If You Leave Me Now;1977;0KMGxYKeUzK9wc5DZCt3HT;Pop;Spanish
Elton John;Don't Go Breaking My Heart;1977;5nPdMALTEd7HOjn16oNf2X;Pop;Spanish
Hilario Camacho;Arquitecto de sueños;1977;0PGBtov5lPCzcA3QLgIZ8O;Singer/Songwriter;Spanish
Iceberg;Sentiments;1977;1CRneU996m55u7RemoAcIp;Rock;Instrumental
Jean-Michel Jarre;Oxygene Part IV;1977;3pvF0sjjR6F9TnW8dUvvPa;Electronic;Instrumental
Joan Manuel Serrat;Res No Es Mesqui;1977;0SjvZVGZXZke0gASVWE5mI;Singer/Songwriter;Catalan
Las Grecas;Tic-Tac;1977;5PUgfgCmEp8ziYgjA4PFT6;Rumba;Spanish
Lole y Manuel;Romero verde;1977;6QKzeIODqc0kcdRdrD7qyE;Flamenco;Spanish
Lone Star;No será...?;1977;1mWb6A5vVYGSAE0VnNxz1u;Rock;Spanish
Lone Star;Punta d'alba;1977;1w0YrCovL53m5AFXdqOd3K;Rock;Catalan
Lone Star;Quien No Anda No Se Mueve;1977;6IVPOY7qk5KS2OZqy9KIGx;Rock;Spanish
Lorenzo Santamaría;Te daré mi vida;1977;0kXLExCkMcgBDVJWu24p83;Pop;Spanish
Miguel Bose;Linda;1977;5xUq5PLTPA7CTlAXihrxSD;Pop;Spanish
Miguel Ríos;Al-Andalus;1977;08gCetaXqErItwcVbpQP6g;Rock;Spanish
Mocedades;Si yo no fuera fiel;1977;4aiyO1jTxRMCwQlaysIzXX;Pop;Spanish
Oliver Onions;Sandokan;1977;3MeMQ11TTq4IPEnw6CFVoG;Rock;Italian
Pablo Abraira;Gavilán o paloma;1977;43wyXbukLasmkQGkquqMHs;Pop;Spanish
Paloma San Basilio;Contigo;1977;6q2R7dKKStHfcduaFjioIM;Pop;Spanish
Pep Laguarda & Tapinería;Caseta del Plater;1977;13GJxA2L73BqqD987ZwkuB;Singer/Songwriter;Catalan
Rafaella Carrá;Fiesta;1977;6HsHxC2fodTup07rS0OUBS;Pop;Spanish
The Manhattan Transfer;Cuentame (Speak Up Mambo);1977;6TxEkOU9Sqa1uI736FiCbC;Pop;Spanish
The Ritchie Family;The Best Disco In Town;1977;79eNiy8GqOx646aVCNtPd1;Disco;English
Triana;Sr. Troncoso;1977;6OvM9WHSWfHsXEWBBDcQ0r;Rock;Spanish
Veneno;Los delincuentes;1977;3nPaZUiwdLuapNtk8TX2bW;Pop;Spanish
Asfalto;Capitán Trueno;1978;0KFXsK8SdGsUoRyHViyJG0;Rock;Spanish
Asfalto;Días de Escuela;1978;5RysTXaBv4Fm6Rhue9hW6i;Rock;Spanish
Asfalto;Mujer de Plástico;1978;49xw10kV41Go8nbKH9ePyw;Rock;Spanish
Baccara;Parlez-vous français;1978;5Jdagapk8O0PE29Y06uwu3;Disco;French
Bee Gees;Night Fever;1978;4t2euPkyLUs5n5j1HDZ2Tr;Disco;English
Bee Gees;Stayin' Alive;1978;6RnUnWRyGfhvUc0DnQPFDW;Disco;English
Boney M;Rivers Of Babylon;1978;78His8pbKjbDQF7aX5asgv;Disco;English
Bonnie Tyler;It’s a heartache;1978;2pag2vElkdroT8hIO4Gozi;Pop;English
Camilo Sesto;Vivir así es morir de amor;1978;3yzHIAzk3zVE1WgspS8W21;Pop;Spanish
Cucharada;Social peligrosidad;1978;1yW9YAe7Eh4SwLrhcoC7CJ;Rock;Spanish
Daniel Magal;Cara De Gitana;1978;6ZcL1hCAnEgz3MxP3xdFYe;Pop;Spanish
Dolores;¿Por dónde caminas?;1978;4FaCoaG0o4e0hnWS1n3kwm;Jazz;Spanish
Elsa Baeza;Credo;1978;774jlqXMzJLypN0BqxARRs;Pop;Spanish
Gato Pérez;Rumba De Barcelona;1978;37enJgsRqIrhOlEFniMd7j;Rumba;Catalan
Granada;Himno del sapo;1978;2yiDfDnmh6bcskcMAF28zy;Rock;Instrumental
Granada;No sé si debo;1978;7uEUDYrZk4dDhDNCewJaPO;Rock;Instrumental
Guadalquivir;Baila gitana;1978;0FUF7jrGVwJ1ys7qoYAYru;Rock;Instrumental
Iceberg;Histories;1978;63BZqt0YPGqe0aDCS0duo2;Rock;Instrumental
John Travolta;You're the One That I Want;1978;1pj3RzpA5AoXkZln0NockI;Pop;Spanish
Kaka de Luxe;Rosario;1978;62AtAeDa8bw8dizlPsnhre;Rock;Spanish
La Banda Trapera del Río;La regla;1978;4U5qT2UzvyYIS2vBBqj41f;Rock;Spanish
Las Grecas;Mentira y nada más;1978;5aNToekomY4zx1RdUYH0Vw;Rumba;Spanish
Leño;Este Madrid;1978;4xov07mNpKLBmpcghArTeZ;Rock;Spanish
Mari Trini;Palabras;1978;2MUzECwr2HJJBBJ0j9Fs39;Pop;Spanish
Matia Bazar;Sólo tu;1978;6GNdrnDA5gEa1ImiS30kvl;Canción italiana;Italian
Paloma San Basilio;Beso a beso... dulcemente;1978;7tP6tGGtMOBE81GoRRObcU;Pop;Spanish
Pilocha;A fiandeira;1978;6aHC5iPEPKYiTqqN8ysoBh;Folk;Galician
Raphael;Se me olvidó que te olvidé;1978;65rJXTgSlf8YFa2IyYxZ0d;Pop;Spanish
Richard Clayderman;Ballade Pour Adeline;1978;3kK2DCW85mxXaFeL0wCvRc;Pop;Instrumental
Rocio Durcal;Me gustas mucho;1978;2i7SlECYIAsT72FpLUU1Uj;Pop;Spanish
Teclados Fritos;Max boy;1978;5D8oBREYRETVFXWVW5tqiX;Pop;Spanish
Tequila;Rock And Roll en la Plaza del Pueblo;1978;5fCYRuYxc1ox7yWKcKD6tf;Rock;Spanish
Umberto Tozzi;Tu;1978;0ZZsGEpFws0EDn7Kos1U2z;Canción italiana;Italian
Abba;Chiquitita;1979;5j7T9ThNlDKXxTMX2pGcns;Pop;English
Alameda;Aires de la alameda;1979;4QnyrN4lJjLnadwT32BVy5;Rock;Spanish
Alameda;Amanecer en el puerto;1979;11pIWWZMpMfjg87i8J4kji;Rock;Spanish
Albatros;De vuelta a casa;1979;3ZwzUfvfA0dN7gXLWAOSYF;Pop;Spanish
Ana Belen;Agapimu;1979;1PseJZ9Iay7mpeonyxPBn3;Pop;Spanish
Anita Ward;Ring My Bell;1979;7GK2KVYH8FrTC9zehmjVMd;Disco;English
Asfalto;La otra María;1979;2f6indoDRXjY5yBylS0ltG;Rock;Spanish
Asfalto;Señor violento;1979;5vrZr9xgpJBMz729OzeM4x;Rock;Spanish
Azabache;Cuidado con la Marisol;1979;5knuU9Cg4NYaT7eXjOvUmd;Rock;Spanish
Azabache;Los días sin sol;1979;2rVeDC081cK4WNyXE7Ppbn;Rock;Spanish
Azahar;Expreso a Ketama;1979;2lqmAqEkQEy0s6PygLYWgM;Rock;Instrumental
Azahar;La naranja y el limón;1979;20ibFqk6y13WjrQvXIhpIC;Rock;Spanish
Azahar;Noche de primavera;1979;5NYdKVWicVPsioA1ZVDhT8;Rock;Spanish
Baccara;For you;1979;4LShqMFj6FMIN9DRoMfsus;Pop;English
Bee Gees;Too Much Heaven;1979;5wLXJJXY2A2FTwGhbTPeDe;Pop;English
Bee Gees;Tragedy;1979;04waBn6uK4Af8udH2KqQri;Disco;English
Bruno Lomas;Hielo;1979;4T8wuDrvOIsLGevbBVsxoh;Rock;Spanish
Burning;¿Qué hace una chica como tú en un sitio como éste?;1979;0BGDAQTx3ziiJVjqGYYlzT;Rock;Spanish
Chicoten;Albada de Beceite;1979;1Hyo3Q2zhFv1wiHz3DX6PJ;Folk;Instrumental
Electric Light Orchestra;Shine a Little Love;1979;5X6HkkTe8mUwkHo3Lccr6E;Disco;English
Gato Pérez;El Ventilador;1979;00PHPQrg6W15TWsPfDHI9J;Rumba;Spanish
Hermanas Goggi;Estoy bailando;1979;2m6VbKaNRPP7O770J7MDUK;Disco;Spanish
Jose Luis Perales;Un velero llamado libertad;1979;2FK8IGrO9b0QhBiSqXdT0n;Pop;Spanish
Jose Luis Perales;Me Llamas;1979;0M7bZAXtbC10cnZKNeNpJr;Pop;Spanish
La Banda Trapera del Río;Ciutat Podrida;1979;0kfESCw4TVANqJurzkhffm;Rock;Catalan
Leif Garrett;I was made for dancin’;1979;3kovBaZ1LGLH1PL31qG7cL;Disco;English
Leño;El Tren;1979;4MyM4n3kLdnWtgkjxnjfhC;Rock;Spanish
Lone Star;Tierra salvaje;1979;6g7A7zblajfTllkhE5X266;Rock;Spanish
Lorenzo Santamaría;Inmenso;1979;7xKaY6qUm6dr9k2yrqmfq0;Pop;Spanish
Mediterráneo;No, no, no;1979;1xpfeYbWNeMqAGalLh0aj8;Rock;Spanish
Mediterráneo;Tabarca;1979;4ib36o2Tz6ttkXD1MpPQS8;Rock;Spanish
Mezquita;Desde que somos dos;1979;5RFWrBjeYERtZz2SUnLgm9;Rock;Instrumental
Mezquita;Recuerdos de mi tierra;1979;361ljdesuhAU99W0U4L78W;Rock;Instrumental
Miguel Bose;Super superman;1979;4da3nnmnvOGrAkx5nE4CHs;Pop;English
Miguel Ríos;Los viejos rockeros nunca mueren;1979;1ix2AD4POQaqtl0RQ6lh5y;Pop;Spanish
Pablo Abraira;¿Quién tiene un duro de amor?;1979;4njSZUuTDultftS5K7TMQI;Pop;Spanish
Patrick Hernandez;Born To Be Alive;1979;3XIEWK1V9n25PS9Vb6axj5;Disco;English
Peaches & Herb;Reunited;1979;2WM3eT5M6UNxD3FoXSw907;Soul;English
Pedro Marin;Que No;1979;3wTAe1MXeWyq1aUlj82y83;Pop;Spanish
Pilocha;Nenos orfos;1979;7KYcxtK5vw1oaO4WbO43qG;Folk;Galician
Roberto Carlos;Lady Laura;1979;62jCTfsRtOmuuUY3HiZiRJ;Pop;Spanish
Rod Stewart;Da Ya Think I'm Sexy?;1979;4z7maGZkAonDlXlwo8q69f;Pop;English
Sissi;Ya soy un hombre;1979;1RcFar1Laov9Kxe9ly11Pr;Pop;Spanish
Tequila;Me Vuelvo Loco;1979;3sQtyO2P7q9qfkXCGVtAUp;Rock;Spanish
Triana;Quiero contarte;1979;1ssX493zzh9oDpyqP5lJaC;Rock;Spanish
Umberto Tozzi;Gloria;1979;4wMGxH3cJ8oDr6lG3bBrGL;Canción italiana;Spanish
Victor Manuel;Solo Pienso En Ti;1979;49fP0Q3yu4zE3UjCZEFlJN;Singer/Songwriter;Spanish
Angela Carrasco;Si tu eres mi hombre y yo tu mujer;1980;74YR3QbbYKetA9kAoAu0cJ;Pop;Spanish
Barbra Streisand;Woman In Love;1980;2m5xo4HEFHgOQpqqrxCS5u;Pop;English
Bob Dylan;Man Gave Names To All The Animals;1980;3inMVgPAllnj2ej6toS3dW;Folk;English
Buggles;Video Killed The Radio Star;1980;6iwOCZFBlw3Xjj0fuO3sI6;Pop;English
Francis Cabrel;La Quiero A Morir;1980;0AzP1kDLhmQGBQXTEt25Cw;Pop;Spanish
Goombay Dance Band;Sun Of Jamaica;1980;5apwlmvQphkCJbHnMGUP2t;Disco;English
Ivan;Sin Amor;1980;7utjtFkzOjbhRRbABrJEYd;Disco;Spanish
Julio Iglesias;Hey!;1980;5LWE4uSivMvadEwVMURiqb;Pop;Spanish
Lipps Inc;Funky Town;1980;7723JnKU2R15Iv4T7OJrly;Disco;English
Miguel Bose;Don diablo;1980;0imrhMFOWQ9XYDCnLfecYV;Pop;Spanish
Miguel Bose;Morir De Amor;1980;1SHwaYmCN3v6qgpFidqZ1S;Pop;Spanish
Orquesta Mondragon;Viaje con nosotros;1980;5vARJfhGjO2GMJ0cwufAmG;Pop;Spanish
Pecos;Hablame De Ti;1980;01YpArJvGEppn5YmuZ4Ytq;Pop;Spanish
Sugarhill gang;Rapper´s delight;1980;0tm6gsXe0LSm9zeSspyMQu;Disco;English
The Police;Message In A Bottle;1980;3bN4tg6rnNPy9GCkGhym4T;Pop;English
Ana Belen;Que Sera;1981;5oVGv4jgsgA3yBHStvzp0r;Pop;Spanish
Electric Light Orchestra;Hold On Tight;1981;6yBbmHFTxihIDFAerzDMGi;Pop;English
Gilbert O´Sullivan;What’s in a kiss;1981;5xqfKQIznqxhb2WurQZHID;Pop;English
Ivan;Te Quiero Tanto;1981;0mdbrGj4IrGwZeAUwUJLPl;Pop;Spanish
John Lennon;(Just Like) Starting Over;1981;5y0YreEOnQiKFAnCrcFIXz;Pop;English
Jose Luis Perales;Te quiero;1981;2Op4UmNP8F9zNdK04xGvVh;Pop;Spanish
Julio Iglesias;De Niña A Mujer;1981;5s5pMhkntoXPucFBoXMHWA;Pop;Spanish
Kim Carnes;Bette Davis eyes;1981;0odIT9B9BvOCnXfS0e4lB5;Pop;English
Maria Jesus y su acordeon;El baile de los pajaritos;1981;1EA3Bs174OvPIu49qj14pu;Pop;Spanish
Miguel Bose;Marchate Ya / Mas Alla;1981;3jwf263tfbh13jmpcPAxCt;Pop;Spanish
Orquesta Mondragon;Caperucita Feroz;1981;6lgZD6qGSg59cNHZMtIPv2;Pop;Spanish
Ottawan;Hands Up;1981;1Zyf8B3ChljGWYFJG6vfNW;Pop;English
Pino D’Angio;Ma Quale Idea;1981;4SACGhs89thPJCJD3bWyXZ;Disco;Italian
Queen;Another One Bites The Dust;1981;5vdp5UmvTsnMEMESIF2Ym7;Rock;English
Robert Palmer;Johnny & Mary;1981;4OwMnNi3kC2DEIrxMTHc3M;Pop;English
Stars On 45;Stars On 45;1981;0XnU9iGYwmiWhwbZ2BjzsN;Disco;English
The Korgis;Everybody´s got to learn sometime;1981;3aXuXjIXG5B2jtlsWKLd1l;Pop;English
Victor Manuel;Ay, amor;1981;7ALVwclSnc6QDa0h08IrMM;Pop;Spanish
Al Bano Y Romina Power;Sharazan;1982;05gw2s0xbOTRQcD2AYGUUd;Canción italiana;Italian
Alan Parsons Project;Eye In The Sky;1982;39qYD4J4BKvZMQgxfXl5bv;Rock;English
Alaska y Los Pegamoides;Bailando;1982;0OteyYh6inrfcil1XGwC3r;Pop;Spanish
F.R. David;Words;1982;1HPJOoIVdUPuaebxzMrVaD;Pop;English
Imagination;Just An Illusion;1982;4QT3YKobBj4BI7xCYRLr9u;Disco;English
Jose Luis Perales;Y como es el;1982;7rm6kcMbUZNMzkELONGaVY;Pop;Spanish
Julio Iglesias;No Me Vuelvo A Enamorar;1982;54hvkp2LOnENWNqoeNWHP6;Pop;Spanish
Mecano;Me Cole En Una Fiesta;1982;7zteNrLJJwjGa8e2IodVOp;Pop;Spanish
Miguel Rios;Bienvenidos;1982;3PeeZSxtOnmljpHVaWEb1O;Pop;Spanish
Mocedades;Amor De Hombre;1982;5KwijXdF7LhoZ6PyezS26b;Pop;Spanish
Nikka Costa;On My Own;1982;30H6RVok6mVgXDTr4lHzDI;Pop;English
Paloma San Basilio;Juntos;1982;7jK3BKP4SDY3MGHKgbGcp9;Pop;Spanish
Ricchi E Poveri;Sera Porque Te Amo;1982;04Xdk7F9HgyHBcAwO7KE3F;Canción italiana;Spanish
Steve Miller Band;Abracadabra;1982;2E2ZVy2fxslpAUgbb4zu84;Pop;English
Azul Y Negro;No Tengo Tiempo;1983;25xxmsurS2Gi7EKooi5Y1R;Pop;Spanish
Culture club;Karma chameleon;1983;2wSAWEYUHkt92X4SBAPqZE;Pop;English
Daryl Hall & John Oates;Maneater;1983;4aKIs5t9TqP59btlCGPrgw;Pop;English
Gary Low;You Are A Danger;1983;2a1cUvC0Df5Syc3BJJgWap;Disco;English
Gazebo;I Like Chopin;1983;2FHnN5ELL83TGbtXMDzoiJ;Disco;English
Irene Cara;What a feeling!;1983;0aAR5HogGoT68EWFbyRFqx;Pop;English
Mecano;Barco A Venus;1983;1yFUf1hUUE7VkabO34s5lR;Pop;Spanish
Michael Jackson;Billie Jean;1983;5ChkMS8OtdzJeqyybCc9R5;Disco;English
Mike Oldfield;Moonlight Shadow;1983;5Jc21xaya2MrHp2KOetrBq;Pop;English
Musical Youth;Pass The Dutchie;1983;43L7sXzJLKnto5PpKLf28r;Pop;English
Rod Stewart;Baby Jane;1983;2wPycOabj69Q2qMYWuU4P4;Pop;English
Ryan Paris;Dolce Vita;1983;6dOwPxMWx6CKWi7zBIevEq;Disco;English
Tino Casal;Embrujada;1983;7dubOXbOZQvqy15V0k2qc4;Disco;Spanish
Alaska Y Dinarama;¿Como Pudiste Hacerme Esto A Mi?;1984;6L3rEi9FdKAuwCz1DiWkIk;Disco;Spanish
Break machine;Street dance;1984;5yctgHEwE6tdKM3Y12hcVf;Disco;English
Evelyn Thomas;High energy;1984;2O3JCRH7IvUUbzbxEvoVAi;Disco;English
Frankie Goes To Hollywood;Relax;1984;3MIVb9pn5cDSdK7yNDsMU1;Pop;English
Gary Low;La Colegiala;1984;2J4ReM7NFthWBgkuQqaiXa;Disco;Spanish
Jose Luis Perales;Tentacion;1984;3yeyYSM42bYnMn7x2OoJtU;Pop;Spanish
La Union;Lobo-Hombre En Paris;1984;3M1H1CWjrSq7nxABHc8EXv;Pop;Spanish
Lionel Richie;All Night Long (All Night);1984;4czNORk5MjW5WOn98bki32;Pop;English
Michael Jackson;Thriller;1984;1D9KEXIrlmPUkMTdYzqgX4;Disco;English
Pimpinela;Olvidame y pega la vuelta;1984;4FdwRmlzP5KGM7OewGBYiu;Pop;Spanish
Rockwell;Somebody’s watching me;1984;6A4Jc8npNo79BOgsrPptLA;Pop;English
Stevie Wonder;I Just Called To Say I Love You;1984;0Oii8bI6O1ZlhBrOrtJ5GF;Pop;English
Tino Casal;Panico en el eden;1984;0MC06kj9IatnkQoToqcjXF;Pop;Spanish
Alaska Y Dinarama;Ni Tu Ni Nadie;1985;7LpS82vPDLgZAHWRtWBBRj;Pop;Spanish
Baltimora;Tarzan Boy;1985;273uCXd7NPrInaiNqtkOrA;Pop;English
Ivan;Baila;1985;6SOnnmnoMHhnea5SQj5cgl;Pop;Spanish
Madonna;Into The Groove;1985;2m0M7YqCy4lXfedh18qd8N;Pop;English
Miguel Bose;Amante Bandido;1985;1wJneaMg40pI9qxGXPxG9X;Pop;English
Murray Head;One night in Bangkok;1985;1xgqGXZW1udHCjuwjeRDVO;Pop;English
Opus;Live Is Life;1985;7hkOgKKybgawYUcrkZD3wV;Pop;English
Ray Parker Jr;Ghostbusters;1985;300zfRaCgTmEm5Eqe3HqZZ;Pop;English
Stevie Wonder;Part-Time Lover;1985;0ErrsvDylBWZeAUYbqLllv;Pop;English
Tina Turner;We don´t need another hero;1985;1qyJ6XpMHdsJD8pkiA7Qww;Pop;English
Usa For Africa;We Are The World;1985;3Z2tPWiNiIpg8UMMoowHIk;Pop;English